cluster,field,academic_rank
-1.0,-,871
0.0,ครุศาสตร์เทคโนโลยี,2
0.0,ธรณีเทคนิค,1
0.0,นิวเคลียร์เทคโนโลยี,3
0.0,พลาสมาและเทคโนโลยีพลังงาน,1
0.0,วิทยาการสิ่งทอ,1
0.0,อาชีวะและเทคนิคศึกษา,1
0.0,เทคโนโลยีการขึ้นรูปโลหะ,1
0.0,เทคโนโลยีการจัดการพลังงาน,2
0.0,เทคโนโลยีการจัดการพลังงาน/เทคโนโลยีพลังงาน,1
0.0,เทคโนโลยีการบรรจุ,5
0.0,เทคโนโลยีการผลิต,5
0.0,เทคโนโลยีการผลิตพืช,3
0.0,เทคโนโลยีการผลิตสัตว์,7
0.0,เทคโนโลยีการพัฒนาผลิตภัณฑ์,2
0.0,เทคโนโลยีการพิมพ์,1
0.0,เทคโนโลยีการศึกษา,26
0.0,เทคโนโลยีการแพทย์,2
0.0,เทคโนโลยีชนบท,2
0.0,เทคโนโลยีชีวภาพ,50
0.0,เทคโนโลยีทางการศึกษา,14
0.0,เทคโนโลยีทางภาพ,1
0.0,เทคโนโลยีทางภาพและการพิมพ์,1
0.0,เทคโนโลยีธรณี,3
0.0,เทคโนโลยีปิโตรเคมี,1
0.0,เทคโนโลยีพลังงาน,6
0.0,เทคโนโลยีพอลิเมอร์,4
0.0,เทคโนโลยีพื้นพิภพ,1
0.0,เทคโนโลยีวัสดุ,3
0.0,เทคโนโลยีสนเทศศาสตร์,1
0.0,เทคโนโลยีหลังการเก็บเกี่ยว,5
0.0,เทคโนโลยีอิเล็กทรอนิกส์,1
0.0,เทคโนโลยีอุณหภาพ,3
0.0,เทคโนโลยีอุตสาหกรรม,5
0.0,เทคโนโลยีเครื่องกล,1
0.0,เทคโนโลยีเทคนิคศึกษา,1
0.0,เทคโนโลยีเลเซอร์,1
0.0,เทคโนโลยีและนวัตกรรมการศึกษา,1
0.0,เทคโนโลยีและสื่อสารการศึกษา,3
0.0,เทคโนโลีเซรามิกซ์,1
1.0,การพยาบาลสูติศาสตร์และนรีเวชวิทยา,3
1.0,ต่อมไร้ท่อทางนรีเวช,1
1.0,สุูติศาสตร์นรีเวชวิทยา,1
1.0,สูติ-นรีเวชวิทยา,5
1.0,สูติศาสตร์ เธนุเวชวิทยา และวิทยาการสืบพันธุ์,6
1.0,สูติศาสตร์ ไกเน่วิทยา แอนโดรวิทยาและการผสมเทียมสัตว์เลี้ยง,1
1.0,สูติศาสตร์- นรีเวชวิทยา,1
1.0,สูติศาสตร์-นรีเวชวิทยา,53
1.0,สูติศาสตร์-เธนุเวชวิทยาและวิทยาการสืบพันธุ์,1
1.0,สูติศาสตร์นรีเวชวิทยา,4
1.0,สูติศาสตร์เธนุเวชวิทยาและวิทยาการสืบพันธุ์,2
1.0,สูติศาสตร์และนรีเวชวิทยา,42
1.0,สูติศาสตร์และนรีเวชวิทยา(เวชศาสตร์มารดาและทารกในครรภ์),1
1.0,เวชปฏิบัติทั่วไปและระบาดวิทยาคลีนิค,1
2.0,กฎหมาย,33
2.0,กฎหมายทั่วไป,2
2.0,กฎหมายที่ดิน,2
2.0,กฎหมายธุรกิจ,1
2.0,กฎหมายปกครอง,1
2.0,กฎหมายพาณิชย์,1
2.0,กฎหมายพาณิชย์ กฎหมายมหาชน,1
2.0,กฎหมายมหาชน,8
2.0,กฎหมายระหว่างประเทศ,5
2.0,กฎหมายวิธีสบัญญัติ,2
2.0,กฎหมายสังคม,1
2.0,กฎหมายอาญา,3
2.0,กฎหมายเปรียบเทียบ,1
2.0,กฎหมายเศรษฐกิจ,1
2.0,กฎหมายแพ่ง,2
2.0,กฎหมายแพ่ง กฎหมายพาณิชย์,2
2.0,กฎหมายแพ่ง กฎหมายวิธีสบัญญัติ,1
2.0,การวิจัยดำเนินงานกฎหมาย,1
3.0,จุลกายวิภาคศาสตร์,1
3.0,จุลชีววิทยา,102
3.0,จุลชีววิทยา (สัตววิทยา),1
3.0,จุลชีววิทยา (ไวรัสวิทยา),1
3.0,จุลชีววิทยา(พิษวิทยา),1
3.0,จุลชีววิทยา/ภูมิคุ้มกันวิทยา/ชีววิทยาระดับโมเลกุล,1
3.0,จุลชีววิทยาคลินิก,1
3.0,จุลชีววิทยาช่องปาก,1
3.0,จุลชีววิทยาทางสัตวแพทย์,2
3.0,จุลชีววิทยาทางอาหาร,1
3.0,จุลชีววิทยาประยุกต์,1
3.0,จุลชีววิทยาและวิทยาภูมิคุ้มกัน,1
3.0,จุลชีววิทยาและวิทยาภูมิคุ้มกันทางสัตวแพทย์,1
3.0,จุลชีววิทยาและอิมมิวโนโลยี,1
3.0,จุลทรรศนศาสตร์คลินิก,3
3.0,จุลทรรศน์ศาสตร์คลินิก,1
3.0,ธาลัสซีเมีย/ จุลทรรศนศาสตร์คลินิก,1
4.0,การปกครอง,5
4.0,การระหว่างประเทศ,4
4.0,ความสัมพันธ์ระหว่างประเทศ,11
4.0,คหกรรมศาสตร์,13
4.0,ชีวสถิติ,8
4.0,ดนตรี,7
4.0,ดุริยางคศาสตร์,1
4.0,ดุริยางค์,1
4.0,ทฤษฎีศิลป์,2
4.0,ทฤษฏีรหัส,1
4.0,ทันกรรมประดิษฐ์,1
4.0,นิติศาสตร์,54
4.0,นิเทศศาสตร์,53
4.0,บรรณารักษศาสตร์,4
4.0,บรรณารักษ์ศาสตร์,14
4.0,ปรัชญา,9
4.0,ฟิสิกส,1
4.0,ระบบวัดคุม,1
4.0,รัฐประศาสนศาสตร์,46
4.0,วัฒนธรรมศาสตร์,1
4.0,วัสดุศาสตร์,18
4.0,วาริชศาสตร์,5
4.0,วิทยาการระบาด,5
4.0,วิสวกรรมไฟฟ้า,1
4.0,ศัยลศาสตร์,1
4.0,ศาสนา,1
4.0,สถิติ,35
4.0,สถิติศาสตร์,2
4.0,สถิิติ,1
4.0,สาขาวิชานิติศาสตร์,1
4.0,สาขาวิชานิเทศศาสตร์,1
4.0,ออร์โทปิดิกส์,5
4.0,ออร์โธปิดิกส์,24
4.0,ออร์โธปิดิคส์,1
4.0,อายรุศาสตร์,3
4.0,อายุรศาส,1
4.0,อิเล็กทรอนิกส์,7
4.0,เศรษฐศาตร์,3
5.0,กลศาสตร์ของไหล,1
5.0,กลศาสตร์หิน การวิเคราะห์ด้วยแบบจำลองทางคอมพิวเตอร์ และการสำรวจภาคสนาม,1
5.0,ครุศาสตร์เครื่องกล,9
5.0,วิทยาการหุ่นยนต์และระบบอัตโนมัติ,1
5.0,วิศวกรรมการบินและอวกาศ,1
5.0,วิศวกรรมการบินและอวกาศยาน,1
5.0,วิศวกรรมชลประทาน,4
5.0,วิศวกรรมทรัพยากรน้ำ,4
5.0,วิศวกรรมน้ำและการชลประทาน,1
5.0,วิศวกรรมพอลิเมอร์,4
5.0,วิศวกรรมอากาศยาน,1
5.0,วิศวกรรมเครื่องมือและวัสดุ,1
5.0,วิศวกรรมและเทคโนโลยีพอลิเมอร์,1
5.0,วิศวกรรมแหล่งน้ำ,8
5.0,"วิศวกรรมแหล่งน้ำ, ภาพถ่ายดาวเทียม, ระบบสารสนเทศภูมิศาสตร์",1
5.0,เครื่องกล,2
6.0,ความหลากหลายทางชีวภาพและนิเวศวิทยาจุลินทรีย์การเกษตร,1
6.0,ชีววิทยา,83
6.0,ชีววิทยา (พันธุศาสตร์),1
6.0,ชีววิทยาช่องปาก,12
6.0,ชีววิทยาทางทะเล,1
6.0,ชีววิทยาทางทะเล (แพลงก์ตอน),1
6.0,ชีววิทยาประมง,6
6.0,ชีววิทยาประยุกต์,1
6.0,ชีววิทยาป่าไม้,4
6.0,ชีววิทยาระดับโมเลกุล,1
6.0,ชีววิทยาสภาวะแวดล้อม,1
6.0,ชีววิทยาสิ่งแวดล้อม,1
6.0,ชีวเคมีทางการแพทย์และอณูชีววิทยาของโรคติดเชื้อ,1
6.0,ชีวเคมีและชีววิทยาโมเลกุล,1
6.0,นิเวศวิทยาของแมลง,1
6.0,ประสาทชีวเคมีและประสาทวิทยาศาสตร์,1
6.0,พยาธิชีววิทยา,3
6.0,พันธุศาสตร์ระดับโมกุลและพันธุวิศวกรรมศาสตร์,3
6.0,พันธุศาสตร์ระดับโมเลกุล,1
6.0,สัตววิทยาและนิเวศวิทยา,1
6.0,สัตววิทยาและนิเวศวิทยาของแมลง,1
6.0,สัตววิทยาและเนื้อเยื่อวิทยาของแมลง,1
6.0,อณูชีววิทยา,1
6.0,อณูพันธุศาสตร์และพันธุวิศวกรรมศาสตร์,4
6.0,อณูพันธุศาสตร์และอณูชีววิทยาการแพทย์,1
6.0,เทคโนโลยีชีวภาพ ระบบสืบพันธุ์สัตว์,1
6.0,เภสัชจุลชีววิทยา,1
6.0,โภชนศาสตร์ชีวเคมี,1
7.0,การจัดการดินและน้ำ,1
7.0,การจัดการทรัพยากรชีวภาพ,1
7.0,การจัดการทรัพยากรธรรมชาติและสิ่งแวดล้อม,1
7.0,การจัดการมนุษย์กับสิ่งแวดล้อม,1
7.0,การจัดการสารสนเทศสิ่งแวดล้อมและทรัพยากร,1
7.0,การจัดการสิ่งแวดล้อม,6
7.0,การจัดการสิ่งแวดล้อมการผลิตพืช,1
7.0,ทรัพยากรที่ดินและสิ่งแวดล้อม,1
8.0,"Utilization / Treatment of Agro - Industrial Wastes , Enzyme Technology Fermentation Technology, Agro - Industry Plant Management",1
8.0,การบริหารธุรกิจเกษตร,2
8.0,การผลิตและการปรับปรุงพันธุ์,1
8.0,การพัฒนาชนบทด้านพัฒนากลุ่มเกษตรกรหรือสหกรณ์,1
8.0,ครุศาสตร์เกษตร,1
8.0,บริหารธุรกิจเกษตร,1
8.0,พัฒนาการเกษตร,4
8.0,พัฒนาผลิตภัณฑ์อุตสาหกรรมเกษตร,3
8.0,วิทยาศาสตร์การเกษตร,2
8.0,วิศวกรรมเกษตร,8
8.0,วิศวกรรมเกษตร (การออกแบบและการวางแผนการใช้เครื่องจักรกลเกษตรขนาดเล็กสำหรับการทำนา),1
8.0,ศึกษาศาสตร์เกษตร,4
8.0,ส่งเสริมการเกษตร,10
8.0,"ส่งเสริมการเกษตร,การพัฒนาชุมชน",1
8.0,ส่งเสริมการเกษตรและสหกรณ์,8
8.0,ส่งเสริมและนิเทศศาสตร์เกษตร,8
8.0,ส่งเสริมและเผยแพร่การเกษตร,5
8.0,อุตสาหกรรมเกษตร,7
8.0,เกษตรกลวิธาน,4
8.0,เกษตรศาสตร์,12
8.0,เกษตรศึกษา,1
8.0,เทคโนโลยีการเกษตร,26
8.0,เทคโนโลยีอุตสาหกรรมเกษตร,4
9.0,"การบริหารการศึกษา, หลักสูตรและการสอน",1
9.0,การสอนภาษาต่างประเทศ,1
9.0,การสอนภาษาอังกฤษ,17
9.0,การสอนภาษาไทย,1
9.0,การเรียนการสอนภาษาอังกฤษ,1
9.0,ภาษาอังกฤษและการสอนภาษาอังกฤษ,1
9.0,ภาษาเยอรมัน (การสอนภาษาเยอรมัน),1
9.0,วิชาชีพครู,1
9.0,หลักสุตรและการสอน,1
9.0,หลักสูตรการสอน,3
9.0,หลักสูตรและการนิเทศ,1
9.0,หลักสูตรและการสอน,25
9.0,หลักสูตรและการสอน (มัธยมศึกษา),1
10.0,การแนะแนวและจิตวิทยา,1
10.0,การแนะแนวและจิตวิทยาการศึกษา,2
10.0,จิตวิทยา,23
10.0,จิตวิทยาการปรึกษา,1
10.0,จิตวิทยาการศึกษา,3
10.0,จิตวิทยาการศึกษาและการแนะแนว,2
10.0,จิตวิทยาการศึกษาและจิตวิทยาการแนะแนว,1
10.0,จิตวิทยาการแนะแนว,1
10.0,จิตวิทยาสังคม,1
10.0,จิตวิทยาแนะแนว,1
10.0,จิตวิทยาและการแนะแนว,6
10.0,จิตเวชศาสตร์,34
10.0,จิตเวชศาสตร์เด็กและวัยรุ่น,1
10.0,จิตเวชเด็กและวัยรุ่น,1
10.0,พฤติกรรมศาสตร์และจิตเวชศาสตร์,1
10.0,พฤติกรรมศาสตร์และสุขศึกษา,1
10.0,สุขภาพจิตและการพยาบาลจิตเวช,1
10.0,สุขศึกษาและพฤติกรรมศาสตร์,3
10.0,แนะแนวและจิตวิทยาการศึกษา,1
11.0,การประเมินผลและวิจัยการศึกษา,2
11.0,การประเมินผลและวิจัยทางการศึกษา,1
11.0,การวัดผล ประเมินผล และวิจัยทางการศึกษา,1
11.0,การวัดผล ประเมินผลการศึกษา วิจัย และสถิติการศึกษา,1
11.0,การวัดผลและการประเมินผลการศึกษา,3
11.0,การวัดผลและประเมินผลการศึกษา,2
11.0,การวัดผลและวิจัยการศึกษา,1
11.0,การวัดเเละประเมินผลการศึกษา,1
11.0,การวัดและการประเมินผลการศึกษา,4
11.0,การวัดและประเมินผล,1
11.0,การวัดและประเมินผลการศึกษา,3
11.0,การวัดและประเมินผลทางการศึกษา,1
11.0,การวิจัยและประเมินผล,1
11.0,การวิจัยและประเมินผลการศึกษา,1
11.0,การวิจัยและวัดผลการศึกษา,1
11.0,การวิเคราะห์เชิงสถิติ,1
11.0,การศึกษานอกระบบ (การวางแผน การจัดการและการประเมินผล),1
11.0,ทดสอบวัดผลและวิจัย,1
11.0,ทฤษฎีการวัดและประเมินผลการศึกษา,1
11.0,ประเมินผลและวิจัยการศึกษา,1
11.0,ประเมินผลและวิจัยทางการศึกษา,3
11.0,วิจัยธุรกิจเเละการวิเคราะห์เชิงปริมาณ,1
11.0,วิจัยและประเมินผลการศึกษา,2
11.0,วิจัยและสถิติ,1
11.0,สถิติ วิจัยและการประเมินผล,1
11.0,สถิติประยุกต์,12
11.0,สถิติวิจัยและวัดผล,1
12.0,การใส่ฟันปลอม,1
12.0,ทันตกรรมจัดฟัน,22
12.0,ทันตกรรมชุมชน,10
12.0,ทันตกรรมทั่วไป,4
12.0,ทันตกรรมบดเคี้ยว,3
12.0,ทันตกรรมบูรณะ,2
12.0,ทันตกรรมประดิษฐ์,16
12.0,"ทันตกรรมประดิษฐ์,ทันตวัสดุศาสตร์",1
12.0,ทันตกรรมสำหรับเด็ก,11
12.0,ทันตกรรมหัตถการ,9
12.0,ทันตกรรมเด็ก,1
12.0,ทันตกรรมโรงพยาบาล,1
12.0,ทันตพยาธิวิทยา,6
12.0,ทันตรังสีวิทยา,3
12.0,ทันตรังสีวินิจฉัย,3
12.0,ทันตสาธารณสุข,1
12.0,ทันตแพทยศาสตร์,6
12.0,ปริทันตวิทยา,13
12.0,วิทยาการวินิจฉัยโรคช่องปาก,2
12.0,วิทยาเอ็นโดดอนต์และทันตกรรมหัตถการ,1
12.0,วินิจฉัยโรคช่องปาก,4
12.0,อายุรศาสตร์ช่องปาก,2
12.0,เวชศาสตร์ช่องปาก,7
13.0,การออกแบบอุตสาหกรรม,2
13.0,ครุศาสตร์ศิลปอุตสาหกรรม,2
13.0,ครุศาสตร์อุตสาหกรรม,8
13.0,ธุรกิจพาณิชยนาวี,1
13.0,บริหารอุตสาหกรรม,2
13.0,วิศวกกรมอุตสาหการ,1
13.0,ศิลปอุตสาหกรรม,2
13.0,สุขศาสตร์อุตสาหกรรมและความปลอดภัย,1
13.0,ออกแบบผลิตภัณฑ์อุตสาหกรรม,3
13.0,ออกแบบอุตสาหกรรม,1
13.0,อุตสาหกรรม,1
13.0,อุตสาหกรรมการบริการ,2
13.0,อุตสาหกรรมการบริหาร,1
13.0,อุตสาหกรรมท่องเที่ยว,1
13.0,อุตสาหกรรมศึกษา,10
13.0,อุตสาหกรรมไฟฟ้า,1
13.0,อุตสาหการ,2
13.0,เทคโนโลยีออกแบบผลิตภัณฑ์อุตสาหกรรม,1
14.0,ทฤษฎีเศรษฐศาสตร์,1
14.0,สาขาวิชาเศรษฐศาสตร์,2
14.0,เศรษฐศาสตร์,156
14.0,เศรษฐศาสตร์การเกษตร,1
14.0,เศรษฐศาสตร์การเงิน,2
14.0,เศรษฐศาสตร์ทรัพยากร,1
14.0,เศรษฐศาสตร์ทรัพยากรธรรมชาติ,1
14.0,เศรษฐศาสตร์ทรัพยากรมนุษย์,2
14.0,เศรษฐศาสตร์ธุรกิจ,2
14.0,เศรษฐศาสตร์ระหว่างประเทศ,1
14.0,เศรษฐศาสตร์สหกรณ์,2
14.0,เศรษฐศาสตร์สาธารณสุข,1
14.0,เศรษฐศาสตร์สิ่งแวดล้อม,1
14.0,เศรษฐศาสตร์เกษตร,19
14.0,เศรษฐศาสตร์เกษตรและทรัพยากร,1
15.0,การวัดผลการศึกษา,4
15.0,การวิจัย,1
15.0,การวิจัยการศึกษา,2
15.0,การวิจัยดำเนินงาน,1
15.0,การวิจัยทางการศึกษา,1
15.0,การวิจัยพฤติกรรมศาสตร์,1
15.0,การวิจัยพฤติกรรมศาสตร์ประยุกต์,1
15.0,การวิจัยและพัฒนาหลักสูตร,2
15.0,การศึกษาผู้ใหญ่ การศึกษานอกระบบ และการศึกษาตลอดชีวิต,1
15.0,นิเทศการศึกษาและพัฒนาหลักสูตร,1
15.0,ประชากรศาสตร์ (เน้นระเบียบวิธีวิจัย),1
15.0,พัฒนศึกษา,1
15.0,พัฒนศึกษาศาสตร์,1
15.0,วิจัยการศึกษา,13
15.0,วิจัยและประเเมินผลทางการศึกษา,1
15.0,วิจัยและพัฒนาการศึกษา,1
15.0,สถิติวิจัย,1
16.0,ชะรีอะฮฺ(กฏหมายอิสลาม),1
16.0,ปรัชญาศาสนา (ตะวันออก),1
16.0,พุทธศาสนา (พุทธปรัชญา),1
16.0,ภาษาศาสตร์,21
16.0,"ภาษาศาสตร์ (การสอนภาษาอังกฤษ,ภาษาศาสตร์ประยุกต์)",1
16.0,ภาษาศาสตร์ (ภาษาญี่ปุ่นและวรรณคดีญี่ปุ่น),1
16.0,"ภาษาศาสตร์ (ภาษาไทย,ภาษาถิ่น)",1
16.0,ภาษาศาสตร์ (วากยสัมพันธ์),2
16.0,ภาษาศาสตร์ (สัทวิทยา),1
16.0,"ภาษาศาสตร์ (เชิงประวัติ,ชาติพันธ์)",1
16.0,"ภาษาศาสตร์(วากยสัมพันธ์ สัทวิทยา,ภาษาไทย)",1
16.0,"ภาษาศาสตร์(วากยสัมพันธ์,อรรถศาสตร์,ภาษาศาสตร์ประชาชนแบบลักษณ์ภาษา)",1
16.0,"ภาษาศาสตร์(เชิงประวัติ,ชาติพันธ์)",1
16.0,ภาษาศาสตร์ประยุกต์,4
16.0,ภาษาศาสตร์ภาษาอังกฤษ,1
16.0,ภาษาศาสตร์สัทศาสตร์,1
16.0,ภาษาอังกฤษและภาษาศาสตร์,6
16.0,"ภาษาไทย (การใช้ภาษาไทย,ภาษาศาสตร์,ภาษาไทย)",1
16.0,"ภาษาไทย (หลักและการใช้ภาษา,ภาษาศาสตร์คอมพิวเตอร์)",1
16.0,"โบราณคดี(ภาษาตระกูลมอญ,เขมร,กระตูอิก,บัฮนาริก,สัทศาสตร์,สัทวิทยา,เอเชียตะวันออกเฉียงใต้,หลักการทำพจนานุกรม,ภาษาศาสตร์ภาคสนาม,เปรียบเทียบ)",1
17.0,กีฏวิทยาการแพทย์,1
17.0,กีฏวิทยาทางการแพทย์,1
17.0,กุมารเวชศาสตร์,106
17.0,กุมาเวชศาสตร์,6
17.0,นิติเวชศาสตร์,14
17.0,พยาธิวิทยาคลินิก,11
17.0,"พยาบาลศาสตร์, สรีรวิทยา, โภชนศาสตร์",1
17.0,มานุษยวิทยาการแพทย์,1
17.0,วิศวกรรมชีวการแพทย์,1
17.0,สาธารณสุขศาสตร์,19
17.0,อาชีวเวชศาสตร์,1
17.0,เทคนิคการแพทย์,38
17.0,เวชบำบัดวิกฤต,1
17.0,เวชพันธุศาสตร์,2
17.0,เวชศาสตรืป้องกัน,1
17.0,เวชศาสตร์การธนาคารเลือด,1
17.0,เวชศาสตร์ครอบครัว,1
17.0,เวชศาสตร์ชันสูตร,1
17.0,เวชศาสตร์ทั่วไป,1
17.0,เวชศาสตร์ฟื้นฟู,12
17.0,โปรโตซัวทางการแพทย์,1
17.0,โภชนศาสตร์คลินิก,1
18.0,materials Processing,1
18.0,การออกแบบ,3
18.0,การออกแบบภายใน,2
18.0,การออกแบบเครื่องปั้นดินเผา,1
18.0,จิตรกรรม,10
18.0,จิตรกรรมไทย,1
18.0,ทัศนศิลป์และเซรามิกส์,1
18.0,ประติมากรรม,7
18.0,ผ้าและเครื่องแต่งกาย,1
18.0,วนผลิตภัณฑ์,3
18.0,ศิลปะและการออกแบบเครื่องปั้นดินเผา,1
18.0,หัตถกรรม,3
18.0,ออกแบบตกแต่งภายใน,1
18.0,ออกแบบนิเทศศิลป์,2
18.0,ออกแบบผลิตภัณฑ์,1
18.0,อัญมณีและเครื่องประดับ,1
18.0,เครื่องเคลือบดินเผา,1
18.0,เซรามิกส์,1
19.0,Chemical Engineering,1
19.0,Engineering Geology,1
19.0,ครุศาสตร์วิศวกรรม,5
19.0,พลังงานและวิศวกรรมเครื่องกล,1
19.0,วิศวกรรม ไฟฟ้า,5
19.0,วิศวกรรมกระบวนการชีวภาพ,1
19.0,วิศวกรรมการบริหารจัดการอุตสาหกรรม,1
19.0,วิศวกรรมการผลิต,6
19.0,วิศวกรรมการวัดคุม,3
19.0,วิศวกรรมการอาหาร,3
19.0,วิศวกรรมการเชื่อม,3
19.0,วิศวกรรมขนส่ง,2
19.0,วิศวกรรมคอมพิวเตอร์,54
19.0,วิศวกรรมธรณี,1
19.0,วิศวกรรมนิวเคลียร์,1
19.0,วิศวกรรมปิโตรเลียม,1
19.0,วิศวกรรมพลังงาน,1
19.0,วิศวกรรมระบบควบคุม,2
19.0,วิศวกรรมวัสดุ,8
19.0,วิศวกรรมศาสตร์,8
19.0,วิศวกรรมศาสตร์อุตสาหการ,1
19.0,วิศวกรรมศาสตร์เครื่องกล,2
19.0,วิศวกรรมสำรวจ,8
19.0,วิศวกรรมสิ่งทอ,2
19.0,วิศวกรรมสิ่งเเวดล้อม,6
19.0,วิศวกรรมสิ่งแวดล้อม,24
19.0,วิศวกรรมสื่งแวดล้อม,1
19.0,วิศวกรรมสุขาภิบาล,4
19.0,วิศวกรรมอาหาร,5
19.0,วิศวกรรมอุตสาหกรรม,1
19.0,วิศวกรรมอุตสาหการ,69
19.0,วิศวกรรมอุตสาหการ (โลจิสติกส์),1
19.0,วิศวกรรมเครื่อกล,1
19.0,วิศวกรรมเครื่องกล,114
19.0,"วิศวกรรมเครื่องกล (วิธิเชิงตัวเลข,การถ่ายเทความร้อน,การอนุรักษ์พลังงาน)",1
19.0,วิศวกรรมเครื่องกลและระบบการผลิต,1
19.0,วิศวกรรมเครื่องจักรกลเกษตร,3
19.0,วิศวกรรมเซรามิกส์,1
19.0,วิศวกรรมเทคนิคธรณี,1
19.0,วิศวกรรมเหมืองแร่,3
19.0,วิศวกรรมเหมืองแร่และปิโตรเลียม,4
19.0,วิศวกรรมแปรรูปอาหาร,1
19.0,วิศวกรรมโครงสร้าง,2
19.0,วิศวกรรมโยธา,105
19.0,วิศวกรรมโยธา(วิศกรรมปฐพี),1
19.0,วิศวกรรมโยธา(วิศวกรรมปฐพี/ธรณีเทคนิค),1
19.0,วิศวกรรมโยธาสิ่งแวดล้อม,1
19.0,วิศวกรรมโลหการ,8
19.0,วิศวกรรมไฟฟ้า,140
19.0,วิศวกรรมไฟฟ้ากำลัง,2
19.0,วิศวกรรไฟฟ้า,2
19.0,สาขาวิชาวิศวกรรมเครื่องกล,1
19.0,สาขาวิชาวิศวกรรมไฟฟ้า,3
20.0,พิษวิทยาทางสัตวแพทย์,1
20.0,สรีรวิทยาทางสัตวแพทย์,1
20.0,สัตวบาล,22
20.0,สัตวศาสตร์,43
20.0,สัตวแพทยศาสตร์,4
20.0,สัตวแพทยสาธารณสุข,5
20.0,สัตวแพทยสาธารณสุขศาสตร์และการบริการวินิจ,1
20.0,สาขาวิชาสัตวศาสตร์,1
20.0,สุขภาพสัตว์,1
20.0,เวชศาสตร์คลินิกสัตว์เลี้ยง,3
20.0,เวชศาสตร์คลินิกสัตว์ใหญ่และสัตว์ป่า,3
20.0,โภชนศาสตร์สัตว์,1
21.0,การบริหารการพยาบาล,2
21.0,การพยาบาล,58
21.0,การพยาบาลกุมารเวชศาสตร์,6
21.0,การพยาบาลจิตเวชศาสตร์,1
21.0,การพยาบาลผู้ใหญ่,1
21.0,การพยาบาลมารดาทารกและการผดุงครรภ์,1
21.0,การพยาบาลรากฐาน,1
21.0,การพยาบาลศัลยศาสตร์,3
21.0,การพยาบาลศาสตร์,1
21.0,การพยาบาลสาธารณสุข,12
21.0,การพยาบาลอายุรศาสตร์,1
21.0,การพยาบาลแม่และเด็ก,1
21.0,พยาบาล,2
21.0,พยาบาลรากฐาน,2
21.0,พยาบาลศาสตจร์,1
21.0,พยาบาลศาสตร์,105
21.0,พยาบาลแม่และเด็ก,1
21.0,สาขาวิชาพยาบาลศาสตร์,2
22.0,กายภาพบำบัด,19
22.0,กายภาพบําบัด,1
22.0,กายวิภาคศาสตร์,57
22.0,กิจกรรมบำบัด,5
22.0,ประสาทศัลยศาสตร์,6
22.0,ศัลยศาตร์ทั่วไป,1
22.0,ศัลยศาสตร์,68
22.0,ศัลยศาสตร์ (กุมารศัลยศาสตร์),1
22.0,ศัลยศาสตร์ช่องปาก,5
22.0,ศัลยศาสตร์ช่องปากและแม็กซิลโลเฟเชียล,3
22.0,ศัลยศาสตร์ตกเเต่ง,1
22.0,ศัลยศาสตร์ตกแต่ง,2
22.0,ศัลยศาสตร์ทรวงอก,3
22.0,ศัลยศาสตร์ทั่วไป,14
22.0,ศัลยศาสตร์ทางมือ,1
22.0,ศัลยศาสตร์ยูโรวิทยา,7
22.0,ศัลยศาสตร์ระบบทางเดินปัสสาวะ,1
22.0,ศัลยศาสตร์ระบบปัสสาวะ,1
22.0,ศัลยศาสตร์ศรีษะ คอ และเต้านม,2
22.0,ศัลยศาสตร์หลอดเลือด,2
22.0,ศัลยศาสตร์หัวใจและทรวงอก,1
22.0,ศัลยศาสตร์ออร์โทปิดิกส์และเวชศาสตร์ฟื้นฟู,1
22.0,ศัลยศาสตร์ออร์โธปิดิกส์,10
22.0,ศัลยศาสตร์ออร์โธปิดิกส์ทั่วไป,1
22.0,ศัลยศาสตร์ออร์โธปิดิกส์และกายภาพบำบัด,8
22.0,ศัลยศาสตร์ออร์โธปิดิคส์,8
22.0,ศัลยศาสตร์อุบัติเหตุ,4
22.0,สาขาศัลยศาสตร์ทั่วไป,1
23.0,ภาษาอังกฤษสำหรับวิทยาศาสตร์และเทคโนโลยี,1
23.0,ภาษาอังกฤษเพื่อวิทยาศาสตร์และเทคโนโลยี,3
23.0,วิทยาศาสตร์ทางภาพถ่ายและเทคโนโลยีทางการพิมพ์,1
23.0,วิทยาศาสตร์และเทคโนโลยี,6
23.0,วิทยาศาสตร์และเทคโนโลยีการอาหาร,18
23.0,วิทยาศาสตร์และเทคโนโลยีทางอาหาร,2
23.0,วิทยาศาสตร์และเทคโนโลยีทางอาหาร/วิทยาศาสตร์การอาหาร,2
23.0,วิทยาศาสตร์และเทคโนโลยีพอลิเมอร์,4
23.0,วิทยาศาสตร์และเทคโนโลยีอาหาร,3
23.0,อาหารและโภชนาการ,5
23.0,เทคโนโลยีการอาหาร,2
23.0,เทคโนโลยีการอาหารและโภชนศาสตร์,1
23.0,เทคโนโลยีการอาหารและโภชนาการ,1
23.0,เทคโนโลยีทางอาหาร,10
23.0,เทคโนโลยีอาหาร,9
23.0,เทคโนโลยีอาหาร เทคโนโลยีผลิตภัณฑ์ประมง และการควบคุมและการประกันคุณภาพ,1
24.0,ความผิดปกติทางการสื่อความหมาย,1
24.0,บรรณารักษศาสตร์และสารนิเทศศาสตร์,7
24.0,ปฐพีศาสตร์,5
24.0,ปฐพีศาสตร์และอนุรักษศาสตร์,3
24.0,ประชากรศาสตร์,8
24.0,ประสาทสรีรวิทยาและคอมพิวเตอร์,1
24.0,พฤติกรรมศาสตร์,3
24.0,พันธุศาสตร์,13
24.0,ภูมิศาสตร์,13
24.0,มนุษยศาสตร์,6
24.0,มนุษย์พันธุศาสตร์,1
24.0,ระบาดวิทยาของอุบัติเหตุจราจร,1
24.0,วิทยาการสืบพันธุ์,3
24.0,วิทยาคอมพิวเตอร์,1
24.0,ศาสนาและเทววิทยา,2
24.0,สังคมวิทยา,32
24.0,สังคมวิทยาและมานุษยวิทยา,8
24.0,สังคมศาสตร์,27
24.0,สังคมศาสตร์และมนุษยศาสตร์,2
24.0,สาขาวิชาความผิดปกติของการสื่อความหมาย,1
24.0,โภชนศาสตร์,7
25.0,Physics,1
25.0,ชีวฟิสิกส์,2
25.0,ธรณีฟิสิกส์,2
25.0,ธรณีฟิสิกส์ประยุกต์,1
25.0,ฟิสิกส์,92
25.0,ฟิสิกส์ ดาราศาสตร์,1
25.0,ฟิสิกส์ วัสดุศาสตร์,1
25.0,ฟิสิกส์ทฤษฎี,1
25.0,ฟิสิกส์นิวเคลียร์,1
25.0,ฟิสิกส์ประยุกต์,4
25.0,ฟิสิกส์พลังงาน,1
25.0,ฟิสิกส์พอลิเมอร์,2
25.0,ฟิสิกส์วัสดุ,1
25.0,เคมีเชิงฟิสิกส์,4
25.0,โซลิดสเตทฟิสิกส์และอิเล็กโตรเซรามิกส์,1
26.0,Architecture and marine,1
26.0,การผังเมือง,3
26.0,การออกแบบชุมชนเมือง,1
26.0,ครุศาสตร์สถาปัตยกรรม,1
26.0,ผังเมือง,1
26.0,ภูมิสถาปัตยกรรม,4
26.0,สถาปัตยกรรม,23
26.0,สถาปัตยกรรม(ผังเมือง),1
26.0,สถาปัตยกรรมภายใน,10
26.0,สถาปัตยกรรมศาสตร์,7
26.0,สถาปัตยกรรมศาสตร์ (สถาปัตยกรรมและการอนุรักษ์สถาปัตยกรรม),1
26.0,ออกแบบและวางผังชุมชนเมือง,1
26.0,เทคโนโลยีสถาปัตยกรรม,2
27.0,การบัญชี,39
27.0,คอมพิวเตอร์,8
27.0,บัญชี,14
27.0,สาขาวิชาการบัญชี,1
27.0,สารสนเทศทางการบัญชี,1
28.0,การศึกษา,64
28.0,การศึกษานอกระบบ,6
28.0,การศึกษานอกระบบโรงเรียน,2
28.0,การศึกษานอกโรงเรียน,1
28.0,การศึกษาผู้ใหญ่,2
28.0,การศึกษาพิเศษ,7
28.0,การสอนสังคมศึกษา,1
28.0,การอุดมศึกษา,3
28.0,กิจการนักศึกษา,1
28.0,ครุศาสตร์โยธา,2
28.0,ครุศาสตร์ไฟฟ้า,2
28.0,คอมพิวเตอร์ศึกษา,1
28.0,ญี่ปุ่นศึกษา,1
28.0,ดนตรีศึกษา,2
28.0,ธุรกิจศึกษา,2
28.0,บริหารการศึกษา,7
28.0,พลศึกษา,33
28.0,ศึกษาศาสตร์,93
28.0,สังคมสงเคราะห์ทางการศึกษา,1
28.0,สารัตถศึกษา,4
28.0,สุขศึกษา,4
28.0,อาชีวศึกษา,2
28.0,อิสลามศึกษา,2
28.0,อุดมศึกษา,2
28.0,เกาหลีศึกษา,1
28.0,เขมรศึกษา,2
28.0,โสตทัศนศึกษา,4
29.0,ประวัติศาสตร์ (จารึกและอักขรวิธีโบราณ ภาษาตระกูลไท ภาษาและวรรณกรรมถิ่นเหนือ นิรุกติศาสตร์),1
29.0,ภาษาวรรณคดีฝรั่งเศสและวิจารณ์วรรณกรรม,1
29.0,ภาษาอังกฤษและวรรณคดีอเมริกัน,1
29.0,ภาษาเยอรมัน วรรณคดีและวัฒนธรรมเยอรมัน การแปล วรรณคดีเยาวชน,1
29.0,ภาษาและวรรณคดี,1
29.0,ภาษาและวรรณคดีฝรั่งเศส,4
29.0,ภาษาและวรรณคดีภาษาอังกฤษ,1
29.0,ภาษาและวรรณคดีอังกฤษ,1
29.0,ภาษาและวรรณคดีไทย,2
29.0,ภาษาไทยและวรรณคดีไทย,1
29.0,วรรณกรรมสำหรับเด็ก,2
29.0,วรรณคดีอังกฤษและอเมริกัน,1
29.0,วรรณคดีเปรียบเทียบ,1
29.0,วรรณคดีและวรรณกรรมไทย,1
29.0,วรรณคดีไทย,2
29.0,วรรณคดีไทย วรรณคดีวิจารณ์ และวรรณกรรมปัจจุบัน,1
30.0,การจัดการประมง,3
30.0,การประมง,2
30.0,ประมง,5
30.0,ผลิตภัณฑ์ประมง,2
30.0,สาขาวิชาประมง,1
30.0,อุตสาหกรรมประมง,1
30.0,เทคโนโลยีการประมง,3
31.0,ดรุิยางคศิลป์,1
31.0,ดุริยางคศิลป์,13
31.0,ทัศนศิลป์,13
31.0,นฤมิตศิลป์,7
31.0,นาฏยศิลป์,3
31.0,นาฏศิลป์,2
31.0,นาฏศิลป์และดนตรี,1
31.0,นาฏศิลป์ไทย,1
31.0,นิเทศศิลป์,2
31.0,ประยุกต์ศิลป์,2
31.0,มัณฑนศิลป์,1
31.0,วิจิตรศิลป์,7
31.0,วิจิตรศิลป์และประยุกต์ศิลป์,2
31.0,ศิลปกรรม,4
31.0,ศิลปกรรมศาสตร์,2
31.0,ศิลปประดิษฐ์,1
31.0,ศิลปประยุกต์,1
31.0,ศิลปศาสตร์,9
31.0,ศิลปศึกษา,5
31.0,ศิลปะ,8
31.0,ศิลปะการแสดง,2
31.0,ศิลปะจินตทัศน์,1
31.0,ศิลปะไทย,1
31.0,สังคีตศิลป์ไทย,1
31.0,สาขาศิลปการละคร,1
32.0,การตลาด,22
32.0,การตลาดทั่วไป,1
32.0,การสื่อสาร,3
32.0,การสื่อสารการตลาด,1
32.0,การสื่อสารมวลชน,4
32.0,ภาษาไทยเพื่อการสื่อสาร,1
32.0,วารสารศาสตร์และสื่อสารมวลชน,1
32.0,สื่อสารมวลชน,6
32.0,สื่อสารมวลชนและนิเทศศาสตร์,1
33.0,Catalysis,1
33.0,ความดันโลหิตสูง,1
33.0,พยาธิทยา,5
33.0,พยาธิโปรโตซัว,1
33.0,พลานามัย,1
33.0,อนุกรมวิธานของแมลง,1
33.0,เชื้อรา,1
33.0,โคนมโคเนื้อ,1
33.0,โภชนาการ,6
33.0,โรคของต่อมน้ำเหลือง,1
33.0,โรคติดเชื้อ,1
33.0,โรคทางเดินอาหาร,2
33.0,โรคพืช,17
33.0,โรคพืชที่เกิดจากเชื้อรา,1
33.0,โรคระบบทางเดินอาหาร,3
34.0,การพัฒนาครอบครัวและสังคม,1
34.0,การพัฒนาคุณภาพชีวิตและสังคม,1
34.0,การพัฒนาชุมชน,3
34.0,การพัฒนาทรัพยากรมนุษย์และชุมชน,1
34.0,การพัฒนาสังคม,1
34.0,บรรณารักษ์ศาสตร์ พัฒนาศึกษา พัฒนาสังคม พื้นฐานการศึกษา และจริยศาสตร์,1
34.0,พัฒนาชุมชน,1
34.0,พัฒนาผลิตภัณฑ์,5
34.0,พัฒนาสังคม,2
34.0,มนุษย์กับสังคม,1
34.0,"วิจัยประชากรเเละสังคม, ประชากรศาสตร์เเละสังคมวิทยา",1
34.0,วิจัยประชากรและสังคม,14
34.0,สังคมศึกษา,5
34.0,สังคมสงเคราะห์ศาสตร์,2
35.0,กฎหมายสิ่งแวดล้อมและองค์กร,1
35.0,การวางแผนชุมชนเมืองและสภาพแวดล้อม,3
35.0,การวางแผนสิ่งแวดล้อมเพื่อพัฒนาชุมชนและชนบท,1
35.0,การศึกษาสิ่งแวดล้อม,1
35.0,การอนุรักษ์พลังงานและสิ่งแวดล้อม,1
35.0,วิทยาการระบาดสิ่งแวดล้อม,1
35.0,วิทยาศาสตร์สภาวะแวดล้อม,1
35.0,วิทยาศาสตร์สิ่งแวดล้อม,22
35.0,วิทยาศาสตร์สิ่งแวดล้อมและการจัดการ,1
35.0,วิทยาศาสตร์อนามัยสิ่งแวดล้อม,3
35.0,วิทยาศาสตร์และสิ่งแวดล้อม,1
35.0,วิทยาศาสตร์และเทคโนโลยีสิ่งแวดล้อม,3
35.0,สิ่งแวดล้อม,2
35.0,สิ่งแวดล้อมศึกษา,1
35.0,อนามัยสิ่งแวดล้อม,6
35.0,เทคโนโลยีการบริหารสิ่งแวดล้อม,9
35.0,เทคโนโลยีที่เหมาะสมเพื่อการพัฒนาทรัพยากรและสิ่งแวดล้อม,1
35.0,เทคโนโลยีพลังงานและสิ่งแวดล้อม,1
35.0,เทคโนโลยีสิ่งแวดล้อม,6
35.0,เวชศาสตร์สังคมและสิ่งแวดล้อม,2
36.0,!! รอแก้ไข !!,9
36.0,การจัดการท่องเที่ยว,1
36.0,การท่องเที่ยว,3
36.0,การประกันภัย,1
36.0,การประชาสัมพันธ์,5
36.0,การรับรู้จากระยะไกล,1
36.0,การละคอน,1
36.0,การแนะแนว,2
36.0,การโฆษณา,1
36.0,การโฆษณาและการประชาสัมพันธ์,3
36.0,ธุรกิจอสังหาริมทรัพย์,1
36.0,ประชาสัมพันธ์,2
36.0,ภาพพิมพ์,7
36.0,สื่อมวลชน,1
36.0,หนังสือพิมพ์,2
36.0,หนังสือพิมพ์และสิ่งพิมพ์,1
36.0,อสังหาริมทรัพย์,1
36.0,เคหการ,1
36.0,โฆษณา,2
36.0,โฆษณาและประชาสัมพันธ์,1
37.0,กายวิภาคพืช,1
37.0,การปรับปรุงพันธุ์ผัก,1
37.0,ปรับปรุงพันธุ์พืช,2
37.0,พฤกษศาสตร์,20
37.0,พืชวิทยา,1
37.0,พืชศาสตร์,23
37.0,พืชสวน,38
37.0,พืชไร่,18
37.0,พืชไร่ (ปรับปรุงพันธุ์พืช),1
37.0,พืชไร่นา,14
37.0,สมุนไพร,1
37.0,สรีรวิทยาของพืช,2
37.0,อนุกรมวิธานพืช,1
37.0,เกษตรศาสตร์พืชสวน,1
37.0,เพาะเลี้ยงเนื้อเยื่อพืช,1
38.0,Cadiovascular Pharmacology,1
38.0,บริหารเภสัชกิจ,4
38.0,วิชาเภสัชกรรม,1
38.0,เทคโนโลยีเภสัชกรรม,3
38.0,เภสัชกรรม,14
38.0,เภสัชกรรมคลินิก,3
38.0,เภสัชกรรมปฏิบัติ,1
38.0,เภสัชกรรมเทคโนโลยี,1
38.0,เภสัชจุลวิทยา,1
38.0,เภสัชพฤกษศาสตร์,6
38.0,เภสัชวิทยา,49
38.0,เภสัชวิทยาคลินิก,1
38.0,เภสัชวิทยาทางสัตวแพทย์,1
38.0,เภสัชวิทยาภูมิคุ้มกันเเละโรคภูมิเเพ้,1
38.0,เภสัชวิทยาเเละพิษวิทยาคลินิก,1
38.0,เภสัชวิทยาและพิษวิทยา,1
38.0,เภสัชวินิจฉัย,2
38.0,เภสัชศาสตร์,149
38.0,เภสัชศาสตร์ (การบริบาลทางเภสัชกรรม),1
38.0,เภสัชศาสตร์สังคม,2
38.0,เภสัชศาสตร์สังคมและการบริหาร,1
38.0,เภสัชศาสตร์สาธารณสุข,1
38.0,เภสัชศาสตร์และเทคโนโลยี,1
38.0,เภสัชอุตสาหกรรม,6
38.0,เภสัชเคมี,14
38.0,เภสัชเวช,1
38.0,เภสัชเวท,8
39.0,"การปกครอง (Social and Political Theory,Plitical Science)",1
39.0,การวิจัยการสื่อสาร(ทางการเมือง),1
39.0,การเมืองการปกครอง,4
39.0,"การเมืองการปกครอง, ปรัชญาการเมือง",1
39.0,การเมืองการปกครองท้องถิ่น,1
39.0,การเมืองระหว่างประเทศ,1
39.0,การเมืองเเละการปกครองไทย,1
39.0,การเมืองและความสัมพันธ์ระหว่างประเทศ,1
39.0,ภูมิศาสตร์การเมือง,1
39.0,รัฐศาสตร์,42
39.0,รัฐศาสตร์ (การเมืองการปกครอง),1
39.0,รัฐศาสตร์และรัฐประศาสนศาสตร์,6
40.0,Computer Science,1
40.0,การสอนวิทยาศาสตร์,2
40.0,ประสาทวิทยาศาสตร์,4
40.0,วิทยาการคอมพิวเตอร์,40
40.0,วิทยาศาสตรศึกษา,1
40.0,วิทยาศาสตร์,3
40.0,วิทยาศาสตร์การกีฬา,4
40.0,วิทยาศาสตร์การประมง,1
40.0,วิทยาศาสตร์การอาหาร,4
40.0,วิทยาศาสตร์การแพทย์,1
40.0,วิทยาศาสตร์การแพทย์พื้นฐาน,1
40.0,วิทยาศาสตร์ชีวภาพ,4
40.0,วิทยาศาสตร์ทั่วไป,3
40.0,วิทยาศาสตร์ทางทะเล,12
40.0,วิทยาศาสตร์ประยุกต์,1
40.0,วิทยาศาสตร์พอลิเมอร์,4
40.0,วิทยาศาสตร์ศึกษา,2
40.0,วิทยาศาสตร์สุขภาพ,15
40.0,วิทยาศาสตร์เชิงคำนวณ,1
40.0,วิทยาศาสตร์เพื่อสุขภาพ,1
40.0,สรีรวิทยาการกีฬา,1
41.0,การผลิตสัตว์,2
41.0,การเพาะเลี้ยงสัตว์น้ำ,4
41.0,อาหารสัตว์,1
41.0,เพาะเลี้ยงสัตว์น้ำ,7
41.0,"แพลงตอนวิทยา, นิเวศน์วิทยาสัตว์น้ำ, การเพาะเลี้ยงสัตว์น้ำ",1
42.0,ระบาดวิทยาของโรคเอดส์และการติดเชื้อ H.I.V.,1
42.0,อายุรศาสตร์ (โรคระบบการหายใจและวัณโรค),2
42.0,อายุรศาสตร์ (โรคระบบทางเดินหายใจ),1
42.0,โรคทางเดินหายใจ,2
42.0,โรคระบบการหายใจเเละวัณโรค,1
42.0,โรคระบบการหายใจและวัณโรค,5
42.0,โรคระบบทางเดินหายใจ,1
42.0,โรคระบบทางเดินหายใจและวัณโรค,1
43.0,นิเทศศาสตร์ (วารสารสนเทศ),1
43.0,บรรณารักษศาสตร์ และสารสนเทศศาสตร์,1
43.0,บรรณารักษ์ศาสคร์และสารสนเทศศาสตร์,1
43.0,บรรณารักษ์และสารนิเทศ,1
43.0,บรรณารักษ์และสารนิเทศศาสตร์,5
43.0,ภูมิสารสนเทศ,1
43.0,ระบบสารสนเทศ,4
43.0,ระบบสารสนเทศเพื่อการจัดการ,4
43.0,วิชาเทคโลยีสารสนเทศ,1
43.0,วิศวกรรมสารสนเทศ,1
43.0,สารสนเทศศาสตร์,2
43.0,เทคโนโนยีสารสนเทศ,2
43.0,เทคโนโลยีสารสนเทศ,16
43.0,เทคโนโลยีสารสนเทศ (1806),2
43.0,เทคโนโลยีสารสนเทศทางบริหารธุรกิจ,1
44.0,การท่องเที่ยวและการโรงแรม,2
44.0,การบริหารการท่องเที่ยวและการโรงแรม,1
44.0,การผดุงครรภ์และการวางแผนครอบครัว,1
44.0,การวางแผนภาคและเมือง,4
44.0,การแนะแนวและการให้คำปรึกษา,1
44.0,กีฬาและนันทนาการ,1
44.0,ปรัชญาและศาสนา,9
44.0,พลศึกษาและนันทนาการ,1
44.0,พลศึกษาและเลื่อนระดับ,1
44.0,พลาสติกและยาง,1
44.0,ภาพยนตร์และภาพถ่าย,1
44.0,ภาพยนตร์และวีดิทัศน์,1
44.0,อนามัยแม่และเด็กและการวางแผนครอบครัว,1
44.0,อุทยานและนันทนาการ,1
45.0,Algebra and Analysis,1
45.0,Algebra and Combinatorics,1
45.0,การสอนคณิตศาสตร์,3
45.0,คณิตศาสตร์,123
45.0,คณิตศาสตร์ อนุสาขาวิชาพีชคณิต,1
45.0,คณิตศาสตร์ประยุกต์,3
45.0,คณิตศาสตร์และสถิติ,4
45.0,ความน่าจะเป็น,1
45.0,คอมพิวเตอร์สายวิชาคณิตศาสตร์สถิติและคอมฯ,2
45.0,ตรรกศาสตร์ พีชคณิตเชิงเส้น และทฤษฎีกราฟ,1
46.0,การธนาคารและการเงิน,1
46.0,การบัญชีและการเงิน,1
46.0,การาเงินและการธนาคาร,1
46.0,การเงิน,9
46.0,การเงิน(ระหว่างประเทศ),1
46.0,การเงินเเละการธนาคาร,1
46.0,การเงินและการธนาคาร,7
46.0,การเงินและการบัญชี,1
46.0,บัญชี การเงิน และการธนาคาร,1
46.0,"เศรษฐกิจการเงินระหว่างประเทศ, นโยบายการเงินเเละการคลัง",1
47.0,การจัดการทรัพยากรมนุษย์,1
47.0,การบริหารงานบุคคล,1
47.0,การบริหารงานยุติธรรมทางอาญา,1
47.0,การบริหารทรัพยากรมนุษย์,4
47.0,การพัฒนาทรัพยากรมนุษย์,7
47.0,พฤติกรรมองค์การและบริหารทรัพยากรมนุษย์,1
47.0,เศรฐศาสตร์(การบริหารทรัพยากรมนุษย์),1
48.0,ธรณีฟิสิกส์ประยุกต์และนิวเคลียร์เทคโนโลยี,1
48.0,พลังงานแสงอาทิตย์,1
48.0,รังสีประยุกต์และไอโซโทป,1
48.0,รังสีรักษา,3
48.0,รังสีรักษาเเละเวชศาสตร์นิวเคลียร์,1
48.0,รังสีรักษาและเวชศาสตร์นิวเคลียร์,1
48.0,รังสีวิทยา,49
48.0,รังสีวิทยา(รังสีรักษาและมะเร็งวิทยา),1
48.0,รังสีวิทยาทั่วไป,1
48.0,รังสีวิทยาวินิจฉัย,3
48.0,รังสีวิทยาและเวชศาสตร์นิวเคลียร์,1
48.0,รังสีวินิจฉัย,10
48.0,รังสีเทคนิค,7
48.0,วิทยุกระจายเสียงและวิทยุโทรทัศน์,1
48.0,วิทยุโทรทัศน์,1
48.0,เวชศาสตร์นิวเคลียร์,5
49.0,"Global Positioning System (GPS) Engineering, GIS Engineering, Applied Information Engineering, Civil Engineering, Energy Conservation",1
49.0,วิศวกรรมระบบควบคุมและเครื่องมือวัด,1
49.0,วิศวกรรมอิเล็กทรอนิกส์,26
49.0,วิศวกรรมอิเล็กทรอนิกส์และการสื่อสาร,1
49.0,วิศวกรรมอิเล็กทรอนิกส์และโทรคมนาคม,1
49.0,วิศวกรรมโทรคมนาคม,23
49.0,วิศวกรรมโทรคมนาคมและการสื่อสาร,1
49.0,วิศวกรรมโยธา(วิศวกรรมขนส่งและจราจร),1
49.0,"วิศวกรรมโยธา,การพัฒนาวัสดุก่อสร้าง,วิศวกรรมขนส่ง",1
49.0,วิศวกรรมไฟฟ้า และเลื่อน,1
49.0,วิศวกรรมไฟฟ้าสื่อสาร,1
49.0,วิศวกรรมไฟฟ้าและอิเล็กทรอนิกส์,2
49.0,อิเล็กทรอนิกส์และโทรคมนาคม,1
50.0,ภาษาจีน,4
50.0,ภาษาญี่ปุ่น,5
50.0,ภาษาญี่ปุ่น,2
50.0,ภาษาตะวันตก,1
50.0,ภาษาตะวันออก,1
50.0,ภาษาต่างประเทศ,1
50.0,ภาษาฝรังเศส,1
50.0,ภาษาฝรั่งเศส,8
50.0,ภาษาพม่า,1
50.0,ภาษาสเปน,2
50.0,ภาษาอังกฤษ,65
50.0,ภาษาเยอรมัน,4
50.0,ภาษาเวียดนาม,2
50.0,ภาษาและวัฒนธรรมมลายู,1
50.0,ภาษาไทย,49
50.0,ภาษาไทยและภาษาตะวันออก,12
50.0,วิชาภาษาอังกฤษ,1
50.0,สาขาภาษาเยอรมัน,1
50.0,สาขาวิช่าภาษาญีปุ่น,1
50.0,ไทย,1
51.0,6802 บริหารธุรกิจ อนุสาขาวิชา 680220 การจัดการอุตสาหกรรม,1
51.0,STRATEGIC MANAGEMENT,1
51.0,การจัดการ,23
51.0,การจัดการการขนส่งและโลจิสติกส์,1
51.0,การจัดการการผลิต,1
51.0,การจัดการชุมชน,1
51.0,การจัดการด้านการผลิตและการดำเนินงาน,1
51.0,การจัดการทั่วไป,2
51.0,การจัดการป่าไม้,2
51.0,การจัดการป่าไม้่,1
51.0,การจัดการสิ่งเเวดล้อม,1
51.0,การจัดการและการบริหารเชิงกลยุทธ์,1
51.0,การบริหาร,1
51.0,การบริหารการขนส่งระหว่างประเทศ,1
51.0,การบริหารการศัึกษา,1
51.0,การบริหารการศึกษา,27
51.0,การบริหารการศึกษาและผู้นำการเปลี่ยนแปลง,1
51.0,การบริหารงานสาธารณสุข,2
51.0,การบริหารจัดการ,1
51.0,การบริหารทั่วไป,4
51.0,การบริหารธุรกิจ,8
51.0,การบริหารธุรกิจและการจัดการ,1
51.0,การบริหารรัฐกิจ,9
51.0,การบริหารโรงพยาบาล,1
51.0,บริหารงานสาธรณสุขมูลฐาน,2
51.0,บริหารงานสาธารณสุข,2
51.0,บริหารธุรกิจ,60
51.0,บริหารธุรกิจ (การตลาด),2
51.0,"บริหารธุรกิจ, การพยากรณ์เพื่อการตัดสินใจในทางธุรกิจ",1
51.0,บริหารธุรกิจระหว่างประเทศ โลจิสติกส์และการขนส่ง,1
51.0,บริหารธุรกิจและการจัดการ,1
51.0,บริหารธุรกิจและการจ้ดการ,1
51.0,บริหารรัฐกิจ,9
51.0,บริหารอุตสหการและปฏิบัติการ,1
51.0,วิทยาการจัดการ,19
52.0,สรีรวิทยาประยุกต์ (สรีรวิทยา-พิษวิทยา),1
52.0,อายุรศาสตร์,137
52.0,อายุรศาสตร์ (ประสาทวิทยา),1
52.0,อายุรศาสตร์ (โรคข้อ),1
52.0,อายุรศาสตร์ (โรคต่อมไร้ท่อ),2
52.0,อายุรศาสตร์ (โรคมะเร็ง),1
52.0,อายุรศาสตร์ (โรคหัวใจ),2
52.0,อายุรศาสตร์ (โรคหัวใจและหลอดเลือด),1
52.0,อายุรศาสตร์ (โรคเบาหวาน),1
52.0,อายุรศาสตร์ (โรคไต),1
52.0,อายุรศาสตร์ (โลหิตวิทยา),3
52.0,อายุรศาสตร์ทั่วไป,13
52.0,อายุรศาสตร์โรคระบบทางเดินอาหาร,1
52.0,อายุรศาสตร์โรคหัวใจ,2
52.0,อายุรศาสตร์โรคไต,1
52.0,เวชศาสตร์ผู้สูงอายุ,1
52.0,โรคไตในเด็ก,1
53.0,Hydrogeology,1
53.0,กีฎวิทยา,3
53.0,กีฏวิทยา,18
53.0,คติชนวิทยา,2
53.0,จักษุวิทยา,44
53.0,ตจวิทยา,10
53.0,ตรรกวิทยา,1
53.0,ธรณีวิทยา,10
53.0,ธรณีวิทยาประยุกต์,1
53.0,ธรณีศาสตร์,1
53.0,นิเวศวิทยา,4
53.0,ปฐพีวิทยา,9
53.0,ปรสิตวิทยา,35
53.0,ปรสิตวิทยาหนอนพยาธิ,1
53.0,ประสาทวิทยา,4
53.0,ประสาทสรีรวิทยา,1
53.0,ปาราสิตวิทยา,3
53.0,พยาธิวิทยา,53
53.0,พยาธิวิทยากายวิภาค,5
53.0,พยาธิวิทยาช่องปาก,3
53.0,พิษวิทยา,4
53.0,มานุษยวิทยา,5
53.0,ระบาดวิทยา,4
53.0,ระบาดวิทยาของโรคติดเชื้อ,1
53.0,ระบาดวิทยาเเละการวิจัย,1
53.0,วนวัฒนวิทยา,2
53.0,วิทยาภูมิคุ้มกัน,2
53.0,วิทยาเอ็นโดดอนต์,4
53.0,วิสัญญีวิทยา,56
53.0,สรัรวิทยา,1
53.0,สรีรวิทยา,52
53.0,สรีรวิทยาระบบสืบพันธุ์,1
53.0,สรีรวิทยาโรคพืช,1
53.0,สัตววิทยา,14
53.0,หทัยวิทยา,7
53.0,อนุรักษวิทยา,2
53.0,อายุรศาสตร์โลหิตวิทยา,3
53.0,โบราณคดี,1
53.0,โภชนวิทยา,8
53.0,โรคพืชวิทยา,1
53.0,โรคระบบโสต นาสิก ลาริงซ์วิทยา,2
53.0,โลหะวิทยา,1
53.0,โลหิตวิทยา,2
53.0,โสต นาสิก ลาริงซ์วิทยา,18
53.0,โสต ศอ นาสิก ลาริงซ์วิทยา,10
53.0,โสต ศอ นาสิกวิทยา,5
53.0,ไวรัสวิทยา,4
54.0,การประถมศึกษา,4
54.0,การมัธยมศึกษา,3
54.0,การศึกษาปฐมวัย,6
54.0,ประถมศึกษา,6
54.0,พื้นฐานการศึกษา,5
54.0,พื้นฐานทางการศึกษา,2
54.0,ภาควิชาการประถมศึกษา,1
54.0,มัธยมศึกษา,6
55.0,การพยาบาลชุมชน,1
55.0,การพยาบาลอนามัยชุมชน,1
55.0,การสาธารณสุข,1
55.0,บ้านและชุมชน,2
55.0,ปรสิตสาธารณสุข,1
55.0,ประชากรเเละสุขภาพ,1
55.0,สหกรณ์,4
55.0,สังคมศาสตร์การแพทย์และสาธารณสุข,1
55.0,สังคมสงเคราะห์ทางการแพทย์,2
55.0,สาธารณสุข,1
55.0,สาธารณสุขชุมชน,1
55.0,อนามัยครอบครัว,3
55.0,อนามัยชุมชน,2
55.0,อาชีวอนามัย,1
55.0,อาชีวอนามัยและความปลอดภัย,7
55.0,เวชศาสตร์ชุมชน,14
55.0,เวชศาสตร์ป้องกันและสังคม,11
55.0,โภชนาการชุมชน,1
55.0,โภชนาการสาธารณสุข,1
56.0,ประวัติศาสตร์,33
56.0,ประวัติศาสตร์ (จีน อินโดนีเซีย และชาวจีนและชาวมุสลิมใปประเทศไทย),1
56.0,ประวัติศาสตร์ (วัฒนธรรมชุมชน),1
56.0,"ประวัติศาสตร์ (ไทยสมัยใหม่,เอเชียตำวันออก)",1
56.0,ประวัติศาสตร์ และเลื่อนระดับ,1
56.0,ประวัติศาสตร์ยุโรป,1
56.0,ประวัติศาสตร์ศิลปะ,3
56.0,ประวัติศาสตร์สถาปัตยกรรม,2
56.0,ประวัติศาสตร์สถาปัตยกรรม (การอนุรักษ์โบราณสถาน),1
56.0,ประวัติศาสตร์และปรัชญาการศึกษา,1
57.0,การใช้คลื่นเสียงความถี่สูงทางสูติศาสตร์,1
57.0,ต่อมไร้ท่อและเมตะบอลิสม,1
57.0,ต่อมไร้ท่อและเมตาบอลิสม,3
57.0,อายุรศาสตร์ (โรคต่อมไร้ท่อและเมตาบอลิซึม),1
57.0,อายุรศาสตร์ต่อมไร้ท่อและเมตะบอลิสม,1
57.0,อายุรศาสตร์โรคข้อและรูมาติสซั่ม,1
57.0,โรคข้อและรูมาติสซั่ม,2
57.0,โรคต่อมไร้ท่อและเมตาบอลิสม,2
57.0,โรคภูมิแพ้และอิมมูโนวิทยา,1
58.0,ชีวเคมี,81
58.0,ชีวเคมีและชีวเคมีเทคโนโลยี,1
58.0,ปิโตรเคมีและวัสดุพอลิเมอร์,1
58.0,พอลิเมอร์,2
58.0,วิศวกรรมเคมี,63
58.0,วิศวกรรมเคมีสิ่งทอ,1
58.0,สิ่งแวดล้อมทางเคมี,1
58.0,อาหารเคมี,3
58.0,อินทรีย์เคมี,3
58.0,เคมี,134
58.0,เคมี (พอลิเมอร์),1
58.0,เคมี (เคมีฟิสิกัล),1
58.0,เคมี (เคมีอินทรีย์),1
58.0,เคมี:พอลิเมอร์,1
58.0,เคมีคลินิก,6
58.0,เคมีคอมพิวเตอร์,1
58.0,เคมีฟิสิคัล (ประยุกต์),2
58.0,เคมีวิศวกรรม,8
58.0,เคมีวิเคราะห์,8
58.0,เคมีสิ่งทอ,1
58.0,เคมีอนินทรีย์,8
58.0,เคมีอินทรีย์,6
58.0,เคมีอินทรีย์สังเคราะห์,1
58.0,เคมีอุตสาหกรรม,1
58.0,เคมีเทคนิค,3
58.0,เคมีและอุตสาหกรรมและประยุกต์,1
58.0,เทคโนโลยีชีวเคมี,3
58.0,เทคโนโลยีทางกระบวนการเคมีและฟิสิกส์,1
59.0,กุมารเวชศาสตร์เขตร้อน,2
59.0,ชีวโมเลกุลและพันธุศาสตร์โรคเขตร้อน,1
59.0,สุขวิทยาเขตร้อน,1
59.0,อายุรศาสตร์เขตร้อน,10
59.0,อายุรศาสตร์เขตร้อนคลินิก,1
59.0,โภชนศาสตร์เขตร้อนและวิทยาศาสตร์,1
59.0,โภชนศาสตร์เขตร้อนและวิทยาศาสตร์อาหาร,2
59.0,โรคติดเชื้อและอายุรศาสตร์เขตร้อน,1
