cluster,field,academic_rank,field_group
-1,-,871,unknown
14,เศรษฐศาสตร์,156,social_science
38,เภสัชศาสตร์,149,medicine
19,วิศวกรรมไฟฟ้า,140,engineering
52,อายุรศาสตร์,137,medicine
58,เคมี,134,natural_science
45,คณิตศาสตร์,123,natural_science
19,วิศวกรรมเครื่องกล,114,engineering
17,กุมารเวชศาสตร์,106,medicine
19,วิศวกรรมโยธา,105,engineering
21,พยาบาลศาสตร์,105,medicine
3,จุลชีววิทยา,102,natural_science
28,ศึกษาศาสตร์,93,liberal_arts
25,ฟิสิกส์,92,natural_science
6,ชีววิทยา,83,natural_science
58,ชีวเคมี,81,natural_science
19,วิศวกรรมอุตสาหการ,69,engineering
22,ศัลยศาสตร์,68,medicine
50,ภาษาอังกฤษ,65,liberal_arts
28,การศึกษา,64,liberal_arts
58,วิศวกรรมเคมี,63,engineering
51,บริหารธุรกิจ,60,social_science
21,การพยาบาล,58,medicine
22,กายวิภาคศาสตร์,57,medicine
53,วิสัญญีวิทยา,56,natural_science
4,นิติศาสตร์,54,social_science
19,วิศวกรรมคอมพิวเตอร์,54,engineering
1,สูติศาสตร์-นรีเวชวิทยา,53,medicine
4,นิเทศศาสตร์,53,liberal_arts
53,พยาธิวิทยา,53,natural_science
53,สรีรวิทยา,52,natural_science
0,เทคโนโลยีชีวภาพ,50,natural_science
38,เภสัชวิทยา,49,medicine
48,รังสีวิทยา,49,medicine
50,ภาษาไทย,49,liberal_arts
4,รัฐประศาสนศาสตร์,46,social_science
53,จักษุวิทยา,44,natural_science
20,สัตวศาสตร์,43,medicine
1,สูติศาสตร์และนรีเวชวิทยา,42,medicine
39,รัฐศาสตร์,42,social_science
40,วิทยาการคอมพิวเตอร์,40,natural_science
27,การบัญชี,39,social_science
17,เทคนิคการแพทย์,38,medicine
37,พืชสวน,38,natural_science
4,สถิติ,35,natural_science
53,ปรสิตวิทยา,35,natural_science
10,จิตเวชศาสตร์,34,medicine
2,กฎหมาย,33,social_science
28,พลศึกษา,33,liberal_arts
56,ประวัติศาสตร์,33,liberal_arts
24,สังคมวิทยา,32,social_science
24,สังคมศาสตร์,27,social_science
51,การบริหารการศึกษา,27,social_science
0,เทคโนโลยีการศึกษา,26,natural_science
8,เทคโนโลยีการเกษตร,26,natural_science
49,วิศวกรรมอิเล็กทรอนิกส์,26,engineering
9,หลักสูตรและการสอน,25,liberal_arts
4,ออร์โธปิดิกส์,24,medicine
19,วิศวกรรมสิ่งแวดล้อม,24,engineering
10,จิตวิทยา,23,liberal_arts
26,สถาปัตยกรรม,23,engineering
37,พืชศาสตร์,23,natural_science
49,วิศวกรรมโทรคมนาคม,23,engineering
51,การจัดการ,23,social_science
12,ทันตกรรมจัดฟัน,22,medicine
20,สัตวบาล,22,medicine
32,การตลาด,22,social_science
35,วิทยาศาสตร์สิ่งแวดล้อม,22,natural_science
16,ภาษาศาสตร์,21,liberal_arts
37,พฤกษศาสตร์,20,natural_science
14,เศรษฐศาสตร์เกษตร,19,social_science
17,สาธารณสุขศาสตร์,19,medicine
22,กายภาพบำบัด,19,medicine
51,วิทยาการจัดการ,19,social_science
4,วัสดุศาสตร์,18,natural_science
23,วิทยาศาสตร์และเทคโนโลยีการอาหาร,18,natural_science
37,พืชไร่,18,natural_science
53,กีฏวิทยา,18,natural_science
53,โสต นาสิก ลาริงซ์วิทยา,18,medicine
9,การสอนภาษาอังกฤษ,17,liberal_arts
33,โรคพืช,17,medicine
12,ทันตกรรมประดิษฐ์,16,medicine
43,เทคโนโลยีสารสนเทศ,16,natural_science
40,วิทยาศาสตร์สุขภาพ,15,natural_science
0,เทคโนโลยีทางการศึกษา,14,natural_science
4,บรรณารักษ์ศาสตร์,14,liberal_arts
17,นิติเวชศาสตร์,14,medicine
22,ศัลยศาสตร์ทั่วไป,14,medicine
27,บัญชี,14,social_science
34,วิจัยประชากรและสังคม,14,social_science
37,พืชไร่นา,14,natural_science
38,เภสัชกรรม,14,medicine
38,เภสัชเคมี,14,medicine
53,สัตววิทยา,14,natural_science
55,เวชศาสตร์ชุมชน,14,medicine
4,คหกรรมศาสตร์,13,liberal_arts
12,ปริทันตวิทยา,13,medicine
15,วิจัยการศึกษา,13,social_science
24,พันธุศาสตร์,13,natural_science
24,ภูมิศาสตร์,13,natural_science
31,ดุริยางคศิลป์,13,liberal_arts
31,ทัศนศิลป์,13,liberal_arts
52,อายุรศาสตร์ทั่วไป,13,medicine
6,ชีววิทยาช่องปาก,12,natural_science
8,เกษตรศาสตร์,12,natural_science
11,สถิติประยุกต์,12,natural_science
17,เวชศาสตร์ฟื้นฟู,12,medicine
21,การพยาบาลสาธารณสุข,12,medicine
40,วิทยาศาสตร์ทางทะเล,12,natural_science
50,ภาษาไทยและภาษาตะวันออก,12,liberal_arts
4,ความสัมพันธ์ระหว่างประเทศ,11,social_science
12,ทันตกรรมสำหรับเด็ก,11,medicine
17,พยาธิวิทยาคลินิก,11,medicine
55,เวชศาสตร์ป้องกันและสังคม,11,medicine
8,ส่งเสริมการเกษตร,10,liberal_arts
12,ทันตกรรมชุมชน,10,medicine
13,อุตสาหกรรมศึกษา,10,engineering
18,จิตรกรรม,10,engineering
22,ศัลยศาสตร์ออร์โธปิดิกส์,10,medicine
23,เทคโนโลยีทางอาหาร,10,natural_science
26,สถาปัตยกรรมภายใน,10,engineering
48,รังสีวินิจฉัย,10,medicine
53,ตจวิทยา,10,natural_science
53,ธรณีวิทยา,10,natural_science
53,โสต ศอ นาสิก ลาริงซ์วิทยา,10,medicine
59,อายุรศาสตร์เขตร้อน,10,medicine
4,ปรัชญา,9,liberal_arts
5,ครุศาสตร์เครื่องกล,9,engineering
12,ทันตกรรมหัตถการ,9,medicine
23,เทคโนโลยีอาหาร,9,natural_science
31,ศิลปศาสตร์,9,liberal_arts
35,เทคโนโลยีการบริหารสิ่งแวดล้อม,9,natural_science
36,!! รอแก้ไข !!,9,unknown
44,ปรัชญาและศาสนา,9,liberal_arts
46,การเงิน,9,social_science
51,การบริหารรัฐกิจ,9,social_science
51,บริหารรัฐกิจ,9,social_science
53,ปฐพีวิทยา,9,natural_science
2,กฎหมายมหาชน,8,social_science
4,ชีวสถิติ,8,natural_science
5,วิศวกรรมแหล่งน้ำ,8,engineering
8,วิศวกรรมเกษตร,8,engineering
8,ส่งเสริมการเกษตรและสหกรณ์,8,liberal_arts
8,ส่งเสริมและนิเทศศาสตร์เกษตร,8,liberal_arts
13,ครุศาสตร์อุตสาหกรรม,8,engineering
19,วิศวกรรมวัสดุ,8,engineering
19,วิศวกรรมศาสตร์,8,engineering
19,วิศวกรรมสำรวจ,8,engineering
19,วิศวกรรมโลหการ,8,engineering
22,ศัลยศาสตร์ออร์โธปิดิกส์และกายภาพบำบัด,8,medicine
22,ศัลยศาสตร์ออร์โธปิดิคส์,8,medicine
24,ประชากรศาสตร์,8,social_science
24,สังคมวิทยาและมานุษยวิทยา,8,social_science
27,คอมพิวเตอร์,8,natural_science
31,ศิลปะ,8,liberal_arts
38,เภสัชเวท,8,medicine
50,ภาษาฝรั่งเศส,8,liberal_arts
51,การบริหารธุรกิจ,8,social_science
53,โภชนวิทยา,8,natural_science
58,เคมีวิศวกรรม,8,engineering
58,เคมีวิเคราะห์,8,natural_science
58,เคมีอนินทรีย์,8,natural_science
0,เทคโนโลยีการผลิตสัตว์,7,natural_science
4,ดนตรี,7,liberal_arts
4,อิเล็กทรอนิกส์,7,engineering
8,อุตสาหกรรมเกษตร,7,natural_science
12,เวชศาสตร์ช่องปาก,7,medicine
18,ประติมากรรม,7,engineering
22,ศัลยศาสตร์ยูโรวิทยา,7,medicine
24,บรรณารักษศาสตร์และสารนิเทศศาสตร์,7,liberal_arts
24,โภชนศาสตร์,7,natural_science
26,สถาปัตยกรรมศาสตร์,7,engineering
28,การศึกษาพิเศษ,7,liberal_arts
28,บริหารการศึกษา,7,liberal_arts
31,นฤมิตศิลป์,7,liberal_arts
31,วิจิตรศิลป์,7,liberal_arts
36,ภาพพิมพ์,7,liberal_arts
41,เพาะเลี้ยงสัตว์น้ำ,7,natural_science
46,การเงินและการธนาคาร,7,social_science
47,การพัฒนาทรัพยากรมนุษย์,7,social_science
48,รังสีเทคนิค,7,natural_science
53,หทัยวิทยา,7,natural_science
55,อาชีวอนามัยและความปลอดภัย,7,medicine
0,เทคโนโลยีพลังงาน,6,natural_science
1,สูติศาสตร์ เธนุเวชวิทยา และวิทยาการสืบพันธุ์,6,medicine
6,ชีววิทยาประมง,6,natural_science
7,การจัดการสิ่งแวดล้อม,6,natural_science
10,จิตวิทยาและการแนะแนว,6,liberal_arts
12,ทันตพยาธิวิทยา,6,medicine
12,ทันตแพทยศาสตร์,6,medicine
16,ภาษาอังกฤษและภาษาศาสตร์,6,liberal_arts
17,กุมาเวชศาสตร์,6,medicine
19,วิศวกรรมการผลิต,6,engineering
19,วิศวกรรมสิ่งเเวดล้อม,6,engineering
21,การพยาบาลกุมารเวชศาสตร์,6,medicine
22,ประสาทศัลยศาสตร์,6,medicine
23,วิทยาศาสตร์และเทคโนโลยี,6,natural_science
24,มนุษยศาสตร์,6,social_science
28,การศึกษานอกระบบ,6,liberal_arts
32,สื่อสารมวลชน,6,liberal_arts
33,โภชนาการ,6,medicine
35,อนามัยสิ่งแวดล้อม,6,natural_science
35,เทคโนโลยีสิ่งแวดล้อม,6,natural_science
38,เภสัชพฤกษศาสตร์,6,medicine
38,เภสัชอุตสาหกรรม,6,medicine
39,รัฐศาสตร์และรัฐประศาสนศาสตร์,6,social_science
54,การศึกษาปฐมวัย,6,liberal_arts
54,ประถมศึกษา,6,liberal_arts
54,มัธยมศึกษา,6,liberal_arts
58,เคมีคลินิก,6,natural_science
58,เคมีอินทรีย์,6,natural_science
0,เทคโนโลยีการบรรจุ,5,natural_science
0,เทคโนโลยีการผลิต,5,natural_science
0,เทคโนโลยีหลังการเก็บเกี่ยว,5,natural_science
0,เทคโนโลยีอุตสาหกรรม,5,natural_science
1,สูติ-นรีเวชวิทยา,5,medicine
2,กฎหมายระหว่างประเทศ,5,social_science
4,การปกครอง,5,social_science
4,วาริชศาสตร์,5,natural_science
4,วิทยาการระบาด,5,medicine
4,ออร์โทปิดิกส์,5,medicine
8,ส่งเสริมและเผยแพร่การเกษตร,5,liberal_arts
19,ครุศาสตร์วิศวกรรม,5,engineering
19,วิศวกรรม ไฟฟ้า,5,engineering
19,วิศวกรรมอาหาร,5,engineering
20,สัตวแพทยสาธารณสุข,5,medicine
22,กิจกรรมบำบัด,5,medicine
22,ศัลยศาสตร์ช่องปาก,5,medicine
23,อาหารและโภชนาการ,5,natural_science
24,ปฐพีศาสตร์,5,natural_science
30,ประมง,5,natural_science
31,ศิลปศึกษา,5,liberal_arts
33,พยาธิทยา,5,medicine
34,พัฒนาผลิตภัณฑ์,5,social_science
34,สังคมศึกษา,5,social_science
36,การประชาสัมพันธ์,5,liberal_arts
42,โรคระบบการหายใจและวัณโรค,5,medicine
43,บรรณารักษ์และสารนิเทศศาสตร์,5,liberal_arts
48,เวชศาสตร์นิวเคลียร์,5,medicine
50,ภาษาญี่ปุ่น,5,liberal_arts
53,พยาธิวิทยากายวิภาค,5,natural_science
53,มานุษยวิทยา,5,natural_science
53,โสต ศอ นาสิกวิทยา,5,medicine
54,พื้นฐานการศึกษา,5,liberal_arts
0,เทคโนโลยีพอลิเมอร์,4,natural_science
1,สูติศาสตร์นรีเวชวิทยา,4,medicine
4,การระหว่างประเทศ,4,social_science
4,บรรณารักษศาสตร์,4,liberal_arts
5,วิศวกรรมชลประทาน,4,engineering
5,วิศวกรรมทรัพยากรน้ำ,4,engineering
5,วิศวกรรมพอลิเมอร์,4,engineering
6,ชีววิทยาป่าไม้,4,natural_science
6,อณูพันธุศาสตร์และพันธุวิศวกรรมศาสตร์,4,natural_science
8,พัฒนาการเกษตร,4,natural_science
8,ศึกษาศาสตร์เกษตร,4,liberal_arts
8,เกษตรกลวิธาน,4,natural_science
8,เทคโนโลยีอุตสาหกรรมเกษตร,4,natural_science
11,การวัดและการประเมินผลการศึกษา,4,social_science
12,ทันตกรรมทั่วไป,4,medicine
12,วินิจฉัยโรคช่องปาก,4,medicine
15,การวัดผลการศึกษา,4,social_science
16,ภาษาศาสตร์ประยุกต์,4,liberal_arts
19,วิศวกรรมสุขาภิบาล,4,engineering
19,วิศวกรรมเหมืองแร่และปิโตรเลียม,4,engineering
20,สัตวแพทยศาสตร์,4,medicine
22,ศัลยศาสตร์อุบัติเหตุ,4,medicine
23,วิทยาศาสตร์และเทคโนโลยีพอลิเมอร์,4,natural_science
25,ฟิสิกส์ประยุกต์,4,natural_science
25,เคมีเชิงฟิสิกส์,4,natural_science
26,ภูมิสถาปัตยกรรม,4,engineering
28,สารัตถศึกษา,4,liberal_arts
28,สุขศึกษา,4,liberal_arts
28,โสตทัศนศึกษา,4,liberal_arts
29,ภาษาและวรรณคดีฝรั่งเศส,4,liberal_arts
31,ศิลปกรรม,4,liberal_arts
32,การสื่อสารมวลชน,4,liberal_arts
38,บริหารเภสัชกิจ,4,medicine
39,การเมืองการปกครอง,4,social_science
40,ประสาทวิทยาศาสตร์,4,natural_science
40,วิทยาศาสตร์การกีฬา,4,natural_science
40,วิทยาศาสตร์การอาหาร,4,natural_science
40,วิทยาศาสตร์ชีวภาพ,4,natural_science
40,วิทยาศาสตร์พอลิเมอร์,4,natural_science
41,การเพาะเลี้ยงสัตว์น้ำ,4,natural_science
43,ระบบสารสนเทศ,4,natural_science
43,ระบบสารสนเทศเพื่อการจัดการ,4,natural_science
44,การวางแผนภาคและเมือง,4,social_science
45,คณิตศาสตร์และสถิติ,4,natural_science
47,การบริหารทรัพยากรมนุษย์,4,social_science
50,ภาษาจีน,4,liberal_arts
50,ภาษาเยอรมัน,4,liberal_arts
51,การบริหารทั่วไป,4,social_science
53,นิเวศวิทยา,4,natural_science
53,ประสาทวิทยา,4,natural_science
53,พิษวิทยา,4,natural_science
53,ระบาดวิทยา,4,natural_science
53,วิทยาเอ็นโดดอนต์,4,natural_science
53,ไวรัสวิทยา,4,medicine
54,การประถมศึกษา,4,liberal_arts
55,สหกรณ์,4,social_science
0,นิวเคลียร์เทคโนโลยี,3,natural_science
0,เทคโนโลยีการผลิตพืช,3,natural_science
0,เทคโนโลยีธรณี,3,natural_science
0,เทคโนโลยีวัสดุ,3,natural_science
0,เทคโนโลยีอุณหภาพ,3,natural_science
0,เทคโนโลยีและสื่อสารการศึกษา,3,natural_science
1,การพยาบาลสูติศาสตร์และนรีเวชวิทยา,3,medicine
2,กฎหมายอาญา,3,social_science
3,จุลทรรศนศาสตร์คลินิก,3,natural_science
4,อายรุศาสตร์,3,medicine
4,เศรษฐศาตร์,3,social_science
6,พยาธิชีววิทยา,3,natural_science
6,พันธุศาสตร์ระดับโมกุลและพันธุวิศวกรรมศาสตร์,3,natural_science
8,พัฒนาผลิตภัณฑ์อุตสาหกรรมเกษตร,3,natural_science
9,หลักสูตรการสอน,3,liberal_arts
10,จิตวิทยาการศึกษา,3,liberal_arts
10,สุขศึกษาและพฤติกรรมศาสตร์,3,liberal_arts
11,การวัดผลและการประเมินผลการศึกษา,3,social_science
11,การวัดและประเมินผลการศึกษา,3,social_science
11,ประเมินผลและวิจัยทางการศึกษา,3,social_science
12,ทันตกรรมบดเคี้ยว,3,medicine
12,ทันตรังสีวิทยา,3,medicine
12,ทันตรังสีวินิจฉัย,3,medicine
13,ออกแบบผลิตภัณฑ์อุตสาหกรรม,3,engineering
18,การออกแบบ,3,engineering
18,วนผลิตภัณฑ์,3,engineering
18,หัตถกรรม,3,engineering
19,วิศวกรรมการวัดคุม,3,engineering
19,วิศวกรรมการอาหาร,3,engineering
19,วิศวกรรมการเชื่อม,3,engineering
19,วิศวกรรมเครื่องจักรกลเกษตร,3,engineering
19,วิศวกรรมเหมืองแร่,3,engineering
19,สาขาวิชาวิศวกรรมไฟฟ้า,3,engineering
20,เวชศาสตร์คลินิกสัตว์เลี้ยง,3,medicine
20,เวชศาสตร์คลินิกสัตว์ใหญ่และสัตว์ป่า,3,medicine
21,การพยาบาลศัลยศาสตร์,3,medicine
22,ศัลยศาสตร์ช่องปากและแม็กซิลโลเฟเชียล,3,medicine
22,ศัลยศาสตร์ทรวงอก,3,medicine
23,ภาษาอังกฤษเพื่อวิทยาศาสตร์และเทคโนโลยี,3,liberal_arts
23,วิทยาศาสตร์และเทคโนโลยีอาหาร,3,natural_science
24,ปฐพีศาสตร์และอนุรักษศาสตร์,3,natural_science
24,พฤติกรรมศาสตร์,3,social_science
24,วิทยาการสืบพันธุ์,3,natural_science
26,การผังเมือง,3,engineering
28,การอุดมศึกษา,3,liberal_arts
30,การจัดการประมง,3,social_science
30,เทคโนโลยีการประมง,3,natural_science
31,นาฏยศิลป์,3,liberal_arts
32,การสื่อสาร,3,liberal_arts
33,โรคระบบทางเดินอาหาร,3,medicine
34,การพัฒนาชุมชน,3,social_science
35,การวางแผนชุมชนเมืองและสภาพแวดล้อม,3,social_science
35,วิทยาศาสตร์อนามัยสิ่งแวดล้อม,3,natural_science
35,วิทยาศาสตร์และเทคโนโลยีสิ่งแวดล้อม,3,natural_science
36,การท่องเที่ยว,3,social_science
36,การโฆษณาและการประชาสัมพันธ์,3,social_science
38,เทคโนโลยีเภสัชกรรม,3,medicine
38,เภสัชกรรมคลินิก,3,medicine
40,วิทยาศาสตร์,3,natural_science
40,วิทยาศาสตร์ทั่วไป,3,natural_science
45,การสอนคณิตศาสตร์,3,natural_science
45,คณิตศาสตร์ประยุกต์,3,natural_science
48,รังสีรักษา,3,medicine
48,รังสีวิทยาวินิจฉัย,3,medicine
52,อายุรศาสตร์ (โลหิตวิทยา),3,medicine
53,กีฎวิทยา,3,natural_science
53,ปาราสิตวิทยา,3,natural_science
53,พยาธิวิทยาช่องปาก,3,natural_science
53,อายุรศาสตร์โลหิตวิทยา,3,natural_science
54,การมัธยมศึกษา,3,liberal_arts
55,อนามัยครอบครัว,3,medicine
56,ประวัติศาสตร์ศิลปะ,3,liberal_arts
57,ต่อมไร้ท่อและเมตาบอลิสม,3,medicine
58,อาหารเคมี,3,natural_science
58,อินทรีย์เคมี,3,natural_science
58,เคมีเทคนิค,3,natural_science
58,เทคโนโลยีชีวเคมี,3,natural_science
0,ครุศาสตร์เทคโนโลยี,2,natural_science
0,เทคโนโลยีการจัดการพลังงาน,2,natural_science
0,เทคโนโลยีการพัฒนาผลิตภัณฑ์,2,natural_science
0,เทคโนโลยีการแพทย์,2,natural_science
0,เทคโนโลยีชนบท,2,natural_science
1,สูติศาสตร์เธนุเวชวิทยาและวิทยาการสืบพันธุ์,2,medicine
2,กฎหมายทั่วไป,2,social_science
2,กฎหมายที่ดิน,2,social_science
2,กฎหมายวิธีสบัญญัติ,2,social_science
2,กฎหมายแพ่ง,2,social_science
2,กฎหมายแพ่ง กฎหมายพาณิชย์,2,social_science
3,จุลชีววิทยาทางสัตวแพทย์,2,natural_science
4,ทฤษฎีศิลป์,2,liberal_arts
4,สถิติศาสตร์,2,natural_science
5,เครื่องกล,2,engineering
8,การบริหารธุรกิจเกษตร,2,social_science
8,วิทยาศาสตร์การเกษตร,2,natural_science
10,การแนะแนวและจิตวิทยาการศึกษา,2,liberal_arts
10,จิตวิทยาการศึกษาและการแนะแนว,2,liberal_arts
11,การประเมินผลและวิจัยการศึกษา,2,social_science
11,การวัดผลและประเมินผลการศึกษา,2,social_science
11,วิจัยและประเมินผลการศึกษา,2,social_science
12,ทันตกรรมบูรณะ,2,medicine
12,วิทยาการวินิจฉัยโรคช่องปาก,2,medicine
12,อายุรศาสตร์ช่องปาก,2,medicine
13,การออกแบบอุตสาหกรรม,2,engineering
13,ครุศาสตร์ศิลปอุตสาหกรรม,2,engineering
13,บริหารอุตสาหกรรม,2,engineering
13,ศิลปอุตสาหกรรม,2,engineering
13,อุตสาหกรรมการบริการ,2,engineering
13,อุตสาหการ,2,engineering
14,สาขาวิชาเศรษฐศาสตร์,2,social_science
14,เศรษฐศาสตร์การเงิน,2,social_science
14,เศรษฐศาสตร์ทรัพยากรมนุษย์,2,social_science
14,เศรษฐศาสตร์ธุรกิจ,2,social_science
14,เศรษฐศาสตร์สหกรณ์,2,social_science
15,การวิจัยการศึกษา,2,social_science
15,การวิจัยและพัฒนาหลักสูตร,2,social_science
16,ภาษาศาสตร์ (วากยสัมพันธ์),2,liberal_arts
17,เวชพันธุศาสตร์,2,medicine
18,การออกแบบภายใน,2,engineering
18,ออกแบบนิเทศศิลป์,2,engineering
19,วิศวกรรมขนส่ง,2,engineering
19,วิศวกรรมระบบควบคุม,2,engineering
19,วิศวกรรมศาสตร์เครื่องกล,2,engineering
19,วิศวกรรมสิ่งทอ,2,engineering
19,วิศวกรรมโครงสร้าง,2,engineering
19,วิศวกรรมไฟฟ้ากำลัง,2,engineering
19,วิศวกรรไฟฟ้า,2,engineering
21,การบริหารการพยาบาล,2,medicine
21,พยาบาล,2,medicine
21,พยาบาลรากฐาน,2,medicine
21,สาขาวิชาพยาบาลศาสตร์,2,medicine
22,ศัลยศาสตร์ตกแต่ง,2,medicine
22,ศัลยศาสตร์ศรีษะ คอ และเต้านม,2,medicine
22,ศัลยศาสตร์หลอดเลือด,2,medicine
23,วิทยาศาสตร์และเทคโนโลยีทางอาหาร,2,natural_science
23,วิทยาศาสตร์และเทคโนโลยีทางอาหาร/วิทยาศาสตร์การอาหาร,2,natural_science
23,เทคโนโลยีการอาหาร,2,natural_science
24,ศาสนาและเทววิทยา,2,liberal_arts
24,สังคมศาสตร์และมนุษยศาสตร์,2,social_science
25,ชีวฟิสิกส์,2,natural_science
25,ธรณีฟิสิกส์,2,natural_science
25,ฟิสิกส์พอลิเมอร์,2,natural_science
26,เทคโนโลยีสถาปัตยกรรม,2,engineering
28,การศึกษานอกระบบโรงเรียน,2,liberal_arts
28,การศึกษาผู้ใหญ่,2,liberal_arts
28,ครุศาสตร์โยธา,2,liberal_arts
28,ครุศาสตร์ไฟฟ้า,2,liberal_arts
28,ดนตรีศึกษา,2,liberal_arts
28,ธุรกิจศึกษา,2,liberal_arts
28,อาชีวศึกษา,2,liberal_arts
28,อิสลามศึกษา,2,liberal_arts
28,อุดมศึกษา,2,liberal_arts
28,เขมรศึกษา,2,liberal_arts
29,ภาษาและวรรณคดีไทย,2,liberal_arts
29,วรรณกรรมสำหรับเด็ก,2,liberal_arts
29,วรรณคดีไทย,2,liberal_arts
30,การประมง,2,natural_science
30,ผลิตภัณฑ์ประมง,2,natural_science
31,นาฏศิลป์,2,liberal_arts
31,นิเทศศิลป์,2,liberal_arts
31,ประยุกต์ศิลป์,2,liberal_arts
31,วิจิตรศิลป์และประยุกต์ศิลป์,2,liberal_arts
31,ศิลปกรรมศาสตร์,2,liberal_arts
31,ศิลปะการแสดง,2,liberal_arts
33,โรคทางเดินอาหาร,2,medicine
34,พัฒนาสังคม,2,social_science
34,สังคมสงเคราะห์ศาสตร์,2,social_science
35,สิ่งแวดล้อม,2,natural_science
35,เวชศาสตร์สังคมและสิ่งแวดล้อม,2,natural_science
36,การแนะแนว,2,liberal_arts
36,ประชาสัมพันธ์,2,liberal_arts
36,หนังสือพิมพ์,2,liberal_arts
36,โฆษณา,2,social_science
37,ปรับปรุงพันธุ์พืช,2,natural_science
37,สรีรวิทยาของพืช,2,natural_science
38,เภสัชวินิจฉัย,2,medicine
38,เภสัชศาสตร์สังคม,2,medicine
40,การสอนวิทยาศาสตร์,2,natural_science
40,วิทยาศาสตร์ศึกษา,2,natural_science
41,การผลิตสัตว์,2,natural_science
42,อายุรศาสตร์ (โรคระบบการหายใจและวัณโรค),2,medicine
42,โรคทางเดินหายใจ,2,medicine
43,สารสนเทศศาสตร์,2,liberal_arts
43,เทคโนโนยีสารสนเทศ,2,natural_science
43,เทคโนโลยีสารสนเทศ (1806),2,liberal_arts
44,การท่องเที่ยวและการโรงแรม,2,social_science
45,คอมพิวเตอร์สายวิชาคณิตศาสตร์สถิติและคอมฯ,2,natural_science
49,วิศวกรรมไฟฟ้าและอิเล็กทรอนิกส์,2,engineering
50,ภาษาญี่ปุ่น,2,liberal_arts
50,ภาษาสเปน,2,liberal_arts
50,ภาษาเวียดนาม,2,liberal_arts
51,การจัดการทั่วไป,2,social_science
51,การจัดการป่าไม้,2,social_science
51,การบริหารงานสาธารณสุข,2,social_science
51,บริหารงานสาธรณสุขมูลฐาน,2,social_science
51,บริหารงานสาธารณสุข,2,social_science
51,บริหารธุรกิจ (การตลาด),2,social_science
52,อายุรศาสตร์ (โรคต่อมไร้ท่อ),2,medicine
52,อายุรศาสตร์ (โรคหัวใจ),2,medicine
52,อายุรศาสตร์โรคหัวใจ,2,medicine
53,คติชนวิทยา,2,natural_science
53,วนวัฒนวิทยา,2,natural_science
53,วิทยาภูมิคุ้มกัน,2,natural_science
53,อนุรักษวิทยา,2,natural_science
53,โรคระบบโสต นาสิก ลาริงซ์วิทยา,2,medicine
53,โลหิตวิทยา,2,medicine
54,พื้นฐานทางการศึกษา,2,liberal_arts
55,บ้านและชุมชน,2,medicine
55,สังคมสงเคราะห์ทางการแพทย์,2,medicine
55,อนามัยชุมชน,2,medicine
56,ประวัติศาสตร์สถาปัตยกรรม,2,liberal_arts
57,โรคข้อและรูมาติสซั่ม,2,medicine
57,โรคต่อมไร้ท่อและเมตาบอลิสม,2,medicine
58,พอลิเมอร์,2,natural_science
58,เคมีฟิสิคัล (ประยุกต์),2,natural_science
59,กุมารเวชศาสตร์เขตร้อน,2,medicine
59,โภชนศาสตร์เขตร้อนและวิทยาศาสตร์อาหาร,2,medicine
0,ธรณีเทคนิค,1,natural_science
0,พลาสมาและเทคโนโลยีพลังงาน,1,natural_science
0,วิทยาการสิ่งทอ,1,natural_science
0,อาชีวะและเทคนิคศึกษา,1,natural_science
0,เทคโนโลยีการขึ้นรูปโลหะ,1,natural_science
0,เทคโนโลยีการจัดการพลังงาน/เทคโนโลยีพลังงาน,1,natural_science
0,เทคโนโลยีการพิมพ์,1,natural_science
0,เทคโนโลยีทางภาพ,1,natural_science
0,เทคโนโลยีทางภาพและการพิมพ์,1,natural_science
0,เทคโนโลยีปิโตรเคมี,1,natural_science
0,เทคโนโลยีพื้นพิภพ,1,natural_science
0,เทคโนโลยีสนเทศศาสตร์,1,natural_science
0,เทคโนโลยีอิเล็กทรอนิกส์,1,natural_science
0,เทคโนโลยีเครื่องกล,1,natural_science
0,เทคโนโลยีเทคนิคศึกษา,1,natural_science
0,เทคโนโลยีเลเซอร์,1,natural_science
0,เทคโนโลยีและนวัตกรรมการศึกษา,1,natural_science
0,เทคโนโลีเซรามิกซ์,1,natural_science
1,ต่อมไร้ท่อทางนรีเวช,1,medicine
1,สุูติศาสตร์นรีเวชวิทยา,1,medicine
1,สูติศาสตร์ ไกเน่วิทยา แอนโดรวิทยาและการผสมเทียมสัตว์เลี้ยง,1,medicine
1,สูติศาสตร์- นรีเวชวิทยา,1,medicine
1,สูติศาสตร์-เธนุเวชวิทยาและวิทยาการสืบพันธุ์,1,medicine
1,สูติศาสตร์และนรีเวชวิทยา(เวชศาสตร์มารดาและทารกในครรภ์),1,medicine
1,เวชปฏิบัติทั่วไปและระบาดวิทยาคลีนิค,1,medicine
2,กฎหมายธุรกิจ,1,social_science
2,กฎหมายปกครอง,1,social_science
2,กฎหมายพาณิชย์,1,social_science
2,กฎหมายพาณิชย์ กฎหมายมหาชน,1,social_science
2,กฎหมายสังคม,1,social_science
2,กฎหมายเปรียบเทียบ,1,social_science
2,กฎหมายเศรษฐกิจ,1,social_science
2,กฎหมายแพ่ง กฎหมายวิธีสบัญญัติ,1,social_science
2,การวิจัยดำเนินงานกฎหมาย,1,social_science
3,จุลกายวิภาคศาสตร์,1,natural_science
3,จุลชีววิทยา (สัตววิทยา),1,natural_science
3,จุลชีววิทยา (ไวรัสวิทยา),1,natural_science
3,จุลชีววิทยา(พิษวิทยา),1,natural_science
3,จุลชีววิทยา/ภูมิคุ้มกันวิทยา/ชีววิทยาระดับโมเลกุล,1,natural_science
3,จุลชีววิทยาคลินิก,1,natural_science
3,จุลชีววิทยาช่องปาก,1,natural_science
3,จุลชีววิทยาทางอาหาร,1,natural_science
3,จุลชีววิทยาประยุกต์,1,natural_science
3,จุลชีววิทยาและวิทยาภูมิคุ้มกัน,1,natural_science
3,จุลชีววิทยาและวิทยาภูมิคุ้มกันทางสัตวแพทย์,1,natural_science
3,จุลชีววิทยาและอิมมิวโนโลยี,1,natural_science
3,จุลทรรศน์ศาสตร์คลินิก,1,natural_science
3,ธาลัสซีเมีย/ จุลทรรศนศาสตร์คลินิก,1,natural_science
4,ดุริยางคศาสตร์,1,liberal_arts
4,ดุริยางค์,1,liberal_arts
4,ทฤษฏีรหัส,1,natural_science
4,ทันกรรมประดิษฐ์,1,medicine
4,ฟิสิกส,1,natural_science
4,ระบบวัดคุม,1,engineering
4,วัฒนธรรมศาสตร์,1,liberal_arts
4,วิสวกรรมไฟฟ้า,1,engineering
4,ศัยลศาสตร์,1,medicine
4,ศาสนา,1,liberal_arts
4,สถิิติ,1,natural_science
4,สาขาวิชานิติศาสตร์,1,social_science
4,สาขาวิชานิเทศศาสตร์,1,liberal_arts
4,ออร์โธปิดิคส์,1,medicine
4,อายุรศาส,1,medicine
5,กลศาสตร์ของไหล,1,engineering
5,กลศาสตร์หิน การวิเคราะห์ด้วยแบบจำลองทางคอมพิวเตอร์ และการสำรวจภาคสนาม,1,engineering
5,วิทยาการหุ่นยนต์และระบบอัตโนมัติ,1,engineering
5,วิศวกรรมการบินและอวกาศ,1,engineering
5,วิศวกรรมการบินและอวกาศยาน,1,engineering
5,วิศวกรรมน้ำและการชลประทาน,1,engineering
5,วิศวกรรมอากาศยาน,1,engineering
5,วิศวกรรมเครื่องมือและวัสดุ,1,engineering
5,วิศวกรรมและเทคโนโลยีพอลิเมอร์,1,engineering
5,"วิศวกรรมแหล่งน้ำ, ภาพถ่ายดาวเทียม, ระบบสารสนเทศภูมิศาสตร์",1,engineering
6,ความหลากหลายทางชีวภาพและนิเวศวิทยาจุลินทรีย์การเกษตร,1,natural_science
6,ชีววิทยา (พันธุศาสตร์),1,natural_science
6,ชีววิทยาทางทะเล,1,natural_science
6,ชีววิทยาทางทะเล (แพลงก์ตอน),1,natural_science
6,ชีววิทยาประยุกต์,1,natural_science
6,ชีววิทยาระดับโมเลกุล,1,natural_science
6,ชีววิทยาสภาวะแวดล้อม,1,natural_science
6,ชีววิทยาสิ่งแวดล้อม,1,natural_science
6,ชีวเคมีทางการแพทย์และอณูชีววิทยาของโรคติดเชื้อ,1,natural_science
6,ชีวเคมีและชีววิทยาโมเลกุล,1,natural_science
6,นิเวศวิทยาของแมลง,1,natural_science
6,ประสาทชีวเคมีและประสาทวิทยาศาสตร์,1,natural_science
6,พันธุศาสตร์ระดับโมเลกุล,1,natural_science
6,สัตววิทยาและนิเวศวิทยา,1,natural_science
6,สัตววิทยาและนิเวศวิทยาของแมลง,1,natural_science
6,สัตววิทยาและเนื้อเยื่อวิทยาของแมลง,1,natural_science
6,อณูชีววิทยา,1,natural_science
6,อณูพันธุศาสตร์และอณูชีววิทยาการแพทย์,1,natural_science
6,เทคโนโลยีชีวภาพ ระบบสืบพันธุ์สัตว์,1,natural_science
6,เภสัชจุลชีววิทยา,1,natural_science
6,โภชนศาสตร์ชีวเคมี,1,natural_science
7,การจัดการดินและน้ำ,1,natural_science
7,การจัดการทรัพยากรชีวภาพ,1,natural_science
7,การจัดการทรัพยากรธรรมชาติและสิ่งแวดล้อม,1,natural_science
7,การจัดการมนุษย์กับสิ่งแวดล้อม,1,natural_science
7,การจัดการสารสนเทศสิ่งแวดล้อมและทรัพยากร,1,natural_science
7,การจัดการสิ่งแวดล้อมการผลิตพืช,1,natural_science
7,ทรัพยากรที่ดินและสิ่งแวดล้อม,1,natural_science
8,"Utilization / Treatment of Agro - Industrial Wastes , Enzyme Technology Fermentation Technology, Agro - Industry Plant Management",1,natural_science
8,การผลิตและการปรับปรุงพันธุ์,1,natural_science
8,การพัฒนาชนบทด้านพัฒนากลุ่มเกษตรกรหรือสหกรณ์,1,liberal_arts
8,ครุศาสตร์เกษตร,1,liberal_arts
8,บริหารธุรกิจเกษตร,1,social_science
8,วิศวกรรมเกษตร (การออกแบบและการวางแผนการใช้เครื่องจักรกลเกษตรขนาดเล็กสำหรับการทำนา),1,engineering
8,"ส่งเสริมการเกษตร,การพัฒนาชุมชน",1,liberal_arts
8,เกษตรศึกษา,1,natural_science
9,"การบริหารการศึกษา, หลักสูตรและการสอน",1,liberal_arts
9,การสอนภาษาต่างประเทศ,1,liberal_arts
9,การสอนภาษาไทย,1,liberal_arts
9,การเรียนการสอนภาษาอังกฤษ,1,liberal_arts
9,ภาษาอังกฤษและการสอนภาษาอังกฤษ,1,liberal_arts
9,ภาษาเยอรมัน (การสอนภาษาเยอรมัน),1,liberal_arts
9,วิชาชีพครู,1,liberal_arts
9,หลักสุตรและการสอน,1,liberal_arts
9,หลักสูตรและการนิเทศ,1,liberal_arts
9,หลักสูตรและการสอน (มัธยมศึกษา),1,liberal_arts
10,การแนะแนวและจิตวิทยา,1,liberal_arts
10,จิตวิทยาการปรึกษา,1,liberal_arts
10,จิตวิทยาการศึกษาและจิตวิทยาการแนะแนว,1,liberal_arts
10,จิตวิทยาการแนะแนว,1,liberal_arts
10,จิตวิทยาสังคม,1,liberal_arts
10,จิตวิทยาแนะแนว,1,liberal_arts
10,จิตเวชศาสตร์เด็กและวัยรุ่น,1,medicine
10,จิตเวชเด็กและวัยรุ่น,1,medicine
10,พฤติกรรมศาสตร์และจิตเวชศาสตร์,1,medicine
10,พฤติกรรมศาสตร์และสุขศึกษา,1,liberal_arts
10,สุขภาพจิตและการพยาบาลจิตเวช,1,medicine
10,แนะแนวและจิตวิทยาการศึกษา,1,liberal_arts
11,การประเมินผลและวิจัยทางการศึกษา,1,social_science
11,การวัดผล ประเมินผล และวิจัยทางการศึกษา,1,social_science
11,การวัดผล ประเมินผลการศึกษา วิจัย และสถิติการศึกษา,1,social_science
11,การวัดผลและวิจัยการศึกษา,1,social_science
11,การวัดเเละประเมินผลการศึกษา,1,social_science
11,การวัดและประเมินผล,1,social_science
11,การวัดและประเมินผลทางการศึกษา,1,social_science
11,การวิจัยและประเมินผล,1,social_science
11,การวิจัยและประเมินผลการศึกษา,1,social_science
11,การวิจัยและวัดผลการศึกษา,1,social_science
11,การวิเคราะห์เชิงสถิติ,1,social_science
11,การศึกษานอกระบบ (การวางแผน การจัดการและการประเมินผล),1,social_science
11,ทดสอบวัดผลและวิจัย,1,social_science
11,ทฤษฎีการวัดและประเมินผลการศึกษา,1,social_science
11,ประเมินผลและวิจัยการศึกษา,1,social_science
11,วิจัยธุรกิจเเละการวิเคราะห์เชิงปริมาณ,1,social_science
11,วิจัยและสถิติ,1,social_science
11,สถิติ วิจัยและการประเมินผล,1,social_science
11,สถิติวิจัยและวัดผล,1,social_science
12,การใส่ฟันปลอม,1,medicine
12,"ทันตกรรมประดิษฐ์,ทันตวัสดุศาสตร์",1,medicine
12,ทันตกรรมเด็ก,1,medicine
12,ทันตกรรมโรงพยาบาล,1,medicine
12,ทันตสาธารณสุข,1,medicine
12,วิทยาเอ็นโดดอนต์และทันตกรรมหัตถการ,1,medicine
13,ธุรกิจพาณิชยนาวี,1,engineering
13,วิศวกกรมอุตสาหการ,1,engineering
13,สุขศาสตร์อุตสาหกรรมและความปลอดภัย,1,engineering
13,ออกแบบอุตสาหกรรม,1,engineering
13,อุตสาหกรรม,1,engineering
13,อุตสาหกรรมการบริหาร,1,engineering
13,อุตสาหกรรมท่องเที่ยว,1,engineering
13,อุตสาหกรรมไฟฟ้า,1,engineering
13,เทคโนโลยีออกแบบผลิตภัณฑ์อุตสาหกรรม,1,engineering
14,ทฤษฎีเศรษฐศาสตร์,1,social_science
14,เศรษฐศาสตร์การเกษตร,1,social_science
14,เศรษฐศาสตร์ทรัพยากร,1,social_science
14,เศรษฐศาสตร์ทรัพยากรธรรมชาติ,1,social_science
14,เศรษฐศาสตร์ระหว่างประเทศ,1,social_science
14,เศรษฐศาสตร์สาธารณสุข,1,social_science
14,เศรษฐศาสตร์สิ่งแวดล้อม,1,social_science
14,เศรษฐศาสตร์เกษตรและทรัพยากร,1,social_science
15,การวิจัย,1,social_science
15,การวิจัยดำเนินงาน,1,social_science
15,การวิจัยทางการศึกษา,1,social_science
15,การวิจัยพฤติกรรมศาสตร์,1,social_science
15,การวิจัยพฤติกรรมศาสตร์ประยุกต์,1,social_science
15,การศึกษาผู้ใหญ่ การศึกษานอกระบบ และการศึกษาตลอดชีวิต,1,social_science
15,นิเทศการศึกษาและพัฒนาหลักสูตร,1,social_science
15,ประชากรศาสตร์ (เน้นระเบียบวิธีวิจัย),1,social_science
15,พัฒนศึกษา,1,social_science
15,พัฒนศึกษาศาสตร์,1,social_science
15,วิจัยและประเเมินผลทางการศึกษา,1,social_science
15,วิจัยและพัฒนาการศึกษา,1,social_science
15,สถิติวิจัย,1,social_science
16,ชะรีอะฮฺ(กฏหมายอิสลาม),1,liberal_arts
16,ปรัชญาศาสนา (ตะวันออก),1,liberal_arts
16,พุทธศาสนา (พุทธปรัชญา),1,liberal_arts
16,"ภาษาศาสตร์ (การสอนภาษาอังกฤษ,ภาษาศาสตร์ประยุกต์)",1,liberal_arts
16,ภาษาศาสตร์ (ภาษาญี่ปุ่นและวรรณคดีญี่ปุ่น),1,liberal_arts
16,"ภาษาศาสตร์ (ภาษาไทย,ภาษาถิ่น)",1,liberal_arts
16,ภาษาศาสตร์ (สัทวิทยา),1,liberal_arts
16,"ภาษาศาสตร์ (เชิงประวัติ,ชาติพันธ์)",1,liberal_arts
16,"ภาษาศาสตร์(วากยสัมพันธ์ สัทวิทยา,ภาษาไทย)",1,liberal_arts
16,"ภาษาศาสตร์(วากยสัมพันธ์,อรรถศาสตร์,ภาษาศาสตร์ประชาชนแบบลักษณ์ภาษา)",1,liberal_arts
16,"ภาษาศาสตร์(เชิงประวัติ,ชาติพันธ์)",1,liberal_arts
16,ภาษาศาสตร์ภาษาอังกฤษ,1,liberal_arts
16,ภาษาศาสตร์สัทศาสตร์,1,liberal_arts
16,"ภาษาไทย (การใช้ภาษาไทย,ภาษาศาสตร์,ภาษาไทย)",1,liberal_arts
16,"ภาษาไทย (หลักและการใช้ภาษา,ภาษาศาสตร์คอมพิวเตอร์)",1,liberal_arts
16,"โบราณคดี(ภาษาตระกูลมอญ,เขมร,กระตูอิก,บัฮนาริก,สัทศาสตร์,สัทวิทยา,เอเชียตะวันออกเฉียงใต้,หลักการทำพจนานุกรม,ภาษาศาสตร์ภาคสนาม,เปรียบเทียบ)",1,liberal_arts
17,กีฏวิทยาการแพทย์,1,medicine
17,กีฏวิทยาทางการแพทย์,1,medicine
17,"พยาบาลศาสตร์, สรีรวิทยา, โภชนศาสตร์",1,medicine
17,มานุษยวิทยาการแพทย์,1,medicine
17,วิศวกรรมชีวการแพทย์,1,medicine
17,อาชีวเวชศาสตร์,1,medicine
17,เวชบำบัดวิกฤต,1,medicine
17,เวชศาสตรืป้องกัน,1,medicine
17,เวชศาสตร์การธนาคารเลือด,1,medicine
17,เวชศาสตร์ครอบครัว,1,medicine
17,เวชศาสตร์ชันสูตร,1,medicine
17,เวชศาสตร์ทั่วไป,1,medicine
17,โปรโตซัวทางการแพทย์,1,medicine
17,โภชนศาสตร์คลินิก,1,medicine
18,materials Processing,1,engineering
18,การออกแบบเครื่องปั้นดินเผา,1,engineering
18,จิตรกรรมไทย,1,engineering
18,ทัศนศิลป์และเซรามิกส์,1,engineering
18,ผ้าและเครื่องแต่งกาย,1,engineering
18,ศิลปะและการออกแบบเครื่องปั้นดินเผา,1,engineering
18,ออกแบบตกแต่งภายใน,1,engineering
18,ออกแบบผลิตภัณฑ์,1,engineering
18,อัญมณีและเครื่องประดับ,1,engineering
18,เครื่องเคลือบดินเผา,1,engineering
18,เซรามิกส์,1,engineering
19,Chemical Engineering,1,engineering
19,Engineering Geology,1,engineering
19,พลังงานและวิศวกรรมเครื่องกล,1,engineering
19,วิศวกรรมกระบวนการชีวภาพ,1,engineering
19,วิศวกรรมการบริหารจัดการอุตสาหกรรม,1,engineering
19,วิศวกรรมธรณี,1,engineering
19,วิศวกรรมนิวเคลียร์,1,engineering
19,วิศวกรรมปิโตรเลียม,1,engineering
19,วิศวกรรมพลังงาน,1,engineering
19,วิศวกรรมศาสตร์อุตสาหการ,1,engineering
19,วิศวกรรมสื่งแวดล้อม,1,engineering
19,วิศวกรรมอุตสาหกรรม,1,engineering
19,วิศวกรรมอุตสาหการ (โลจิสติกส์),1,engineering
19,วิศวกรรมเครื่อกล,1,engineering
19,"วิศวกรรมเครื่องกล (วิธิเชิงตัวเลข,การถ่ายเทความร้อน,การอนุรักษ์พลังงาน)",1,engineering
19,วิศวกรรมเครื่องกลและระบบการผลิต,1,engineering
19,วิศวกรรมเซรามิกส์,1,engineering
19,วิศวกรรมเทคนิคธรณี,1,engineering
19,วิศวกรรมแปรรูปอาหาร,1,engineering
19,วิศวกรรมโยธา(วิศกรรมปฐพี),1,engineering
19,วิศวกรรมโยธา(วิศวกรรมปฐพี/ธรณีเทคนิค),1,engineering
19,วิศวกรรมโยธาสิ่งแวดล้อม,1,engineering
19,สาขาวิชาวิศวกรรมเครื่องกล,1,engineering
20,พิษวิทยาทางสัตวแพทย์,1,medicine
20,สรีรวิทยาทางสัตวแพทย์,1,medicine
20,สัตวแพทยสาธารณสุขศาสตร์และการบริการวินิจ,1,medicine
20,สาขาวิชาสัตวศาสตร์,1,medicine
20,สุขภาพสัตว์,1,medicine
20,โภชนศาสตร์สัตว์,1,medicine
21,การพยาบาลจิตเวชศาสตร์,1,medicine
21,การพยาบาลผู้ใหญ่,1,medicine
21,การพยาบาลมารดาทารกและการผดุงครรภ์,1,medicine
21,การพยาบาลรากฐาน,1,medicine
21,การพยาบาลศาสตร์,1,medicine
21,การพยาบาลอายุรศาสตร์,1,medicine
21,การพยาบาลแม่และเด็ก,1,medicine
21,พยาบาลศาสตจร์,1,medicine
21,พยาบาลแม่และเด็ก,1,medicine
22,กายภาพบําบัด,1,medicine
22,ศัลยศาตร์ทั่วไป,1,medicine
22,ศัลยศาสตร์ (กุมารศัลยศาสตร์),1,medicine
22,ศัลยศาสตร์ตกเเต่ง,1,medicine
22,ศัลยศาสตร์ทางมือ,1,medicine
22,ศัลยศาสตร์ระบบทางเดินปัสสาวะ,1,medicine
22,ศัลยศาสตร์ระบบปัสสาวะ,1,medicine
22,ศัลยศาสตร์หัวใจและทรวงอก,1,medicine
22,ศัลยศาสตร์ออร์โทปิดิกส์และเวชศาสตร์ฟื้นฟู,1,medicine
22,ศัลยศาสตร์ออร์โธปิดิกส์ทั่วไป,1,medicine
22,สาขาศัลยศาสตร์ทั่วไป,1,medicine
23,ภาษาอังกฤษสำหรับวิทยาศาสตร์และเทคโนโลยี,1,liberal_arts
23,วิทยาศาสตร์ทางภาพถ่ายและเทคโนโลยีทางการพิมพ์,1,natural_science
23,เทคโนโลยีการอาหารและโภชนศาสตร์,1,natural_science
23,เทคโนโลยีการอาหารและโภชนาการ,1,natural_science
23,เทคโนโลยีอาหาร เทคโนโลยีผลิตภัณฑ์ประมง และการควบคุมและการประกันคุณภาพ,1,natural_science
24,ความผิดปกติทางการสื่อความหมาย,1,liberal_arts
24,ประสาทสรีรวิทยาและคอมพิวเตอร์,1,natural_science
24,มนุษย์พันธุศาสตร์,1,natural_science
24,ระบาดวิทยาของอุบัติเหตุจราจร,1,social_science
24,วิทยาคอมพิวเตอร์,1,natural_science
24,สาขาวิชาความผิดปกติของการสื่อความหมาย,1,social_science
25,Physics,1,natural_science
25,ธรณีฟิสิกส์ประยุกต์,1,natural_science
25,ฟิสิกส์ ดาราศาสตร์,1,natural_science
25,ฟิสิกส์ วัสดุศาสตร์,1,natural_science
25,ฟิสิกส์ทฤษฎี,1,natural_science
25,ฟิสิกส์นิวเคลียร์,1,natural_science
25,ฟิสิกส์พลังงาน,1,natural_science
25,ฟิสิกส์วัสดุ,1,natural_science
25,โซลิดสเตทฟิสิกส์และอิเล็กโตรเซรามิกส์,1,natural_science
26,Architecture and marine,1,engineering
26,การออกแบบชุมชนเมือง,1,engineering
26,ครุศาสตร์สถาปัตยกรรม,1,engineering
26,ผังเมือง,1,engineering
26,สถาปัตยกรรม(ผังเมือง),1,engineering
26,สถาปัตยกรรมศาสตร์ (สถาปัตยกรรมและการอนุรักษ์สถาปัตยกรรม),1,engineering
26,ออกแบบและวางผังชุมชนเมือง,1,engineering
27,สาขาวิชาการบัญชี,1,social_science
27,สารสนเทศทางการบัญชี,1,social_science
28,การศึกษานอกโรงเรียน,1,liberal_arts
28,การสอนสังคมศึกษา,1,liberal_arts
28,กิจการนักศึกษา,1,liberal_arts
28,คอมพิวเตอร์ศึกษา,1,liberal_arts
28,ญี่ปุ่นศึกษา,1,liberal_arts
28,สังคมสงเคราะห์ทางการศึกษา,1,liberal_arts
28,เกาหลีศึกษา,1,liberal_arts
29,ประวัติศาสตร์ (จารึกและอักขรวิธีโบราณ ภาษาตระกูลไท ภาษาและวรรณกรรมถิ่นเหนือ นิรุกติศาสตร์),1,liberal_arts
29,ภาษาวรรณคดีฝรั่งเศสและวิจารณ์วรรณกรรม,1,liberal_arts
29,ภาษาอังกฤษและวรรณคดีอเมริกัน,1,liberal_arts
29,ภาษาเยอรมัน วรรณคดีและวัฒนธรรมเยอรมัน การแปล วรรณคดีเยาวชน,1,liberal_arts
29,ภาษาและวรรณคดี,1,liberal_arts
29,ภาษาและวรรณคดีภาษาอังกฤษ,1,liberal_arts
29,ภาษาและวรรณคดีอังกฤษ,1,liberal_arts
29,ภาษาไทยและวรรณคดีไทย,1,liberal_arts
29,วรรณคดีอังกฤษและอเมริกัน,1,liberal_arts
29,วรรณคดีเปรียบเทียบ,1,liberal_arts
29,วรรณคดีและวรรณกรรมไทย,1,liberal_arts
29,วรรณคดีไทย วรรณคดีวิจารณ์ และวรรณกรรมปัจจุบัน,1,liberal_arts
30,สาขาวิชาประมง,1,natural_science
30,อุตสาหกรรมประมง,1,natural_science
31,ดรุิยางคศิลป์,1,liberal_arts
31,นาฏศิลป์และดนตรี,1,liberal_arts
31,นาฏศิลป์ไทย,1,liberal_arts
31,มัณฑนศิลป์,1,liberal_arts
31,ศิลปประดิษฐ์,1,liberal_arts
31,ศิลปประยุกต์,1,liberal_arts
31,ศิลปะจินตทัศน์,1,liberal_arts
31,ศิลปะไทย,1,liberal_arts
31,สังคีตศิลป์ไทย,1,liberal_arts
31,สาขาศิลปการละคร,1,liberal_arts
32,การตลาดทั่วไป,1,social_science
32,การสื่อสารการตลาด,1,social_science
32,ภาษาไทยเพื่อการสื่อสาร,1,liberal_arts
32,วารสารศาสตร์และสื่อสารมวลชน,1,liberal_arts
32,สื่อสารมวลชนและนิเทศศาสตร์,1,liberal_arts
33,Catalysis,1,medicine
33,ความดันโลหิตสูง,1,medicine
33,พยาธิโปรโตซัว,1,medicine
33,พลานามัย,1,medicine
33,อนุกรมวิธานของแมลง,1,medicine
33,เชื้อรา,1,medicine
33,โคนมโคเนื้อ,1,medicine
33,โรคของต่อมน้ำเหลือง,1,medicine
33,โรคติดเชื้อ,1,medicine
33,โรคพืชที่เกิดจากเชื้อรา,1,medicine
34,การพัฒนาครอบครัวและสังคม,1,social_science
34,การพัฒนาคุณภาพชีวิตและสังคม,1,social_science
34,การพัฒนาทรัพยากรมนุษย์และชุมชน,1,social_science
34,การพัฒนาสังคม,1,social_science
34,บรรณารักษ์ศาสตร์ พัฒนาศึกษา พัฒนาสังคม พื้นฐานการศึกษา และจริยศาสตร์,1,social_science
34,พัฒนาชุมชน,1,social_science
34,มนุษย์กับสังคม,1,social_science
34,"วิจัยประชากรเเละสังคม, ประชากรศาสตร์เเละสังคมวิทยา",1,social_science
35,กฎหมายสิ่งแวดล้อมและองค์กร,1,social_science
35,การวางแผนสิ่งแวดล้อมเพื่อพัฒนาชุมชนและชนบท,1,social_science
35,การศึกษาสิ่งแวดล้อม,1,natural_science
35,การอนุรักษ์พลังงานและสิ่งแวดล้อม,1,natural_science
35,วิทยาการระบาดสิ่งแวดล้อม,1,natural_science
35,วิทยาศาสตร์สภาวะแวดล้อม,1,natural_science
35,วิทยาศาสตร์สิ่งแวดล้อมและการจัดการ,1,natural_science
35,วิทยาศาสตร์และสิ่งแวดล้อม,1,natural_science
35,สิ่งแวดล้อมศึกษา,1,natural_science
35,เทคโนโลยีที่เหมาะสมเพื่อการพัฒนาทรัพยากรและสิ่งแวดล้อม,1,natural_science
35,เทคโนโลยีพลังงานและสิ่งแวดล้อม,1,natural_science
36,การจัดการท่องเที่ยว,1,social_science
36,การประกันภัย,1,social_science
36,การรับรู้จากระยะไกล,1,liberal_arts
36,การละคอน,1,liberal_arts
36,การโฆษณา,1,social_science
36,ธุรกิจอสังหาริมทรัพย์,1,social_science
36,สื่อมวลชน,1,liberal_arts
36,หนังสือพิมพ์และสิ่งพิมพ์,1,liberal_arts
36,อสังหาริมทรัพย์,1,social_science
36,เคหการ,1,social_science
36,โฆษณาและประชาสัมพันธ์,1,social_science
37,กายวิภาคพืช,1,natural_science
37,การปรับปรุงพันธุ์ผัก,1,natural_science
37,พืชวิทยา,1,natural_science
37,พืชไร่ (ปรับปรุงพันธุ์พืช),1,natural_science
37,สมุนไพร,1,natural_science
37,อนุกรมวิธานพืช,1,natural_science
37,เกษตรศาสตร์พืชสวน,1,natural_science
37,เพาะเลี้ยงเนื้อเยื่อพืช,1,natural_science
38,Cadiovascular Pharmacology,1,medicine
38,วิชาเภสัชกรรม,1,medicine
38,เภสัชกรรมปฏิบัติ,1,medicine
38,เภสัชกรรมเทคโนโลยี,1,medicine
38,เภสัชจุลวิทยา,1,medicine
38,เภสัชวิทยาคลินิก,1,medicine
38,เภสัชวิทยาทางสัตวแพทย์,1,medicine
38,เภสัชวิทยาภูมิคุ้มกันเเละโรคภูมิเเพ้,1,medicine
38,เภสัชวิทยาเเละพิษวิทยาคลินิก,1,medicine
38,เภสัชวิทยาและพิษวิทยา,1,medicine
38,เภสัชศาสตร์ (การบริบาลทางเภสัชกรรม),1,medicine
38,เภสัชศาสตร์สังคมและการบริหาร,1,medicine
38,เภสัชศาสตร์สาธารณสุข,1,medicine
38,เภสัชศาสตร์และเทคโนโลยี,1,medicine
38,เภสัชเวช,1,medicine
39,"การปกครอง (Social and Political Theory,Plitical Science)",1,social_science
39,การวิจัยการสื่อสาร(ทางการเมือง),1,social_science
39,"การเมืองการปกครอง, ปรัชญาการเมือง",1,social_science
39,การเมืองการปกครองท้องถิ่น,1,social_science
39,การเมืองระหว่างประเทศ,1,social_science
39,การเมืองเเละการปกครองไทย,1,social_science
39,การเมืองและความสัมพันธ์ระหว่างประเทศ,1,social_science
39,ภูมิศาสตร์การเมือง,1,social_science
39,รัฐศาสตร์ (การเมืองการปกครอง),1,social_science
40,Computer Science,1,natural_science
40,วิทยาศาสตรศึกษา,1,natural_science
40,วิทยาศาสตร์การประมง,1,natural_science
40,วิทยาศาสตร์การแพทย์,1,natural_science
40,วิทยาศาสตร์การแพทย์พื้นฐาน,1,natural_science
40,วิทยาศาสตร์ประยุกต์,1,natural_science
40,วิทยาศาสตร์เชิงคำนวณ,1,natural_science
40,วิทยาศาสตร์เพื่อสุขภาพ,1,natural_science
40,สรีรวิทยาการกีฬา,1,natural_science
41,อาหารสัตว์,1,natural_science
41,"แพลงตอนวิทยา, นิเวศน์วิทยาสัตว์น้ำ, การเพาะเลี้ยงสัตว์น้ำ",1,natural_science
42,ระบาดวิทยาของโรคเอดส์และการติดเชื้อ H.I.V.,1,medicine
42,อายุรศาสตร์ (โรคระบบทางเดินหายใจ),1,medicine
42,โรคระบบการหายใจเเละวัณโรค,1,medicine
42,โรคระบบทางเดินหายใจ,1,medicine
42,โรคระบบทางเดินหายใจและวัณโรค,1,medicine
43,นิเทศศาสตร์ (วารสารสนเทศ),1,liberal_arts
43,บรรณารักษศาสตร์ และสารสนเทศศาสตร์,1,liberal_arts
43,บรรณารักษ์ศาสคร์และสารสนเทศศาสตร์,1,liberal_arts
43,บรรณารักษ์และสารนิเทศ,1,liberal_arts
43,ภูมิสารสนเทศ,1,natural_science
43,วิชาเทคโลยีสารสนเทศ,1,natural_science
43,วิศวกรรมสารสนเทศ,1,engineering
43,เทคโนโลยีสารสนเทศทางบริหารธุรกิจ,1,social_science
44,การบริหารการท่องเที่ยวและการโรงแรม,1,social_science
44,การผดุงครรภ์และการวางแผนครอบครัว,1,medicine
44,การแนะแนวและการให้คำปรึกษา,1,liberal_arts
44,กีฬาและนันทนาการ,1,liberal_arts
44,พลศึกษาและนันทนาการ,1,liberal_arts
44,พลศึกษาและเลื่อนระดับ,1,liberal_arts
44,พลาสติกและยาง,1,liberal_arts
44,ภาพยนตร์และภาพถ่าย,1,liberal_arts
44,ภาพยนตร์และวีดิทัศน์,1,liberal_arts
44,อนามัยแม่และเด็กและการวางแผนครอบครัว,1,liberal_arts
44,อุทยานและนันทนาการ,1,liberal_arts
45,Algebra and Analysis,1,natural_science
45,Algebra and Combinatorics,1,natural_science
45,คณิตศาสตร์ อนุสาขาวิชาพีชคณิต,1,natural_science
45,ความน่าจะเป็น,1,natural_science
45,ตรรกศาสตร์ พีชคณิตเชิงเส้น และทฤษฎีกราฟ,1,natural_science
46,การธนาคารและการเงิน,1,social_science
46,การบัญชีและการเงิน,1,social_science
46,การาเงินและการธนาคาร,1,social_science
46,การเงิน(ระหว่างประเทศ),1,social_science
46,การเงินเเละการธนาคาร,1,social_science
46,การเงินและการบัญชี,1,social_science
46,บัญชี การเงิน และการธนาคาร,1,social_science
46,"เศรษฐกิจการเงินระหว่างประเทศ, นโยบายการเงินเเละการคลัง",1,social_science
47,การจัดการทรัพยากรมนุษย์,1,social_science
47,การบริหารงานบุคคล,1,social_science
47,การบริหารงานยุติธรรมทางอาญา,1,social_science
47,พฤติกรรมองค์การและบริหารทรัพยากรมนุษย์,1,social_science
47,เศรฐศาสตร์(การบริหารทรัพยากรมนุษย์),1,social_science
48,ธรณีฟิสิกส์ประยุกต์และนิวเคลียร์เทคโนโลยี,1,natural_science
48,พลังงานแสงอาทิตย์,1,natural_science
48,รังสีประยุกต์และไอโซโทป,1,natural_science
48,รังสีรักษาเเละเวชศาสตร์นิวเคลียร์,1,medicine
48,รังสีรักษาและเวชศาสตร์นิวเคลียร์,1,medicine
48,รังสีวิทยา(รังสีรักษาและมะเร็งวิทยา),1,medicine
48,รังสีวิทยาทั่วไป,1,medicine
48,รังสีวิทยาและเวชศาสตร์นิวเคลียร์,1,medicine
48,วิทยุกระจายเสียงและวิทยุโทรทัศน์,1,natural_science
48,วิทยุโทรทัศน์,1,natural_science
49,"Global Positioning System (GPS) Engineering, GIS Engineering, Applied Information Engineering, Civil Engineering, Energy Conservation",1,engineering
49,วิศวกรรมระบบควบคุมและเครื่องมือวัด,1,engineering
49,วิศวกรรมอิเล็กทรอนิกส์และการสื่อสาร,1,engineering
49,วิศวกรรมอิเล็กทรอนิกส์และโทรคมนาคม,1,engineering
49,วิศวกรรมโทรคมนาคมและการสื่อสาร,1,engineering
49,วิศวกรรมโยธา(วิศวกรรมขนส่งและจราจร),1,engineering
49,"วิศวกรรมโยธา,การพัฒนาวัสดุก่อสร้าง,วิศวกรรมขนส่ง",1,engineering
49,วิศวกรรมไฟฟ้า และเลื่อน,1,engineering
49,วิศวกรรมไฟฟ้าสื่อสาร,1,engineering
49,อิเล็กทรอนิกส์และโทรคมนาคม,1,engineering
50,ภาษาตะวันตก,1,liberal_arts
50,ภาษาตะวันออก,1,liberal_arts
50,ภาษาต่างประเทศ,1,liberal_arts
50,ภาษาฝรังเศส,1,liberal_arts
50,ภาษาพม่า,1,liberal_arts
50,ภาษาและวัฒนธรรมมลายู,1,liberal_arts
50,วิชาภาษาอังกฤษ,1,liberal_arts
50,สาขาภาษาเยอรมัน,1,liberal_arts
50,สาขาวิช่าภาษาญีปุ่น,1,liberal_arts
50,ไทย,1,liberal_arts
51,6802 บริหารธุรกิจ อนุสาขาวิชา 680220 การจัดการอุตสาหกรรม,1,social_science
51,STRATEGIC MANAGEMENT,1,social_science
51,การจัดการการขนส่งและโลจิสติกส์,1,social_science
51,การจัดการการผลิต,1,social_science
51,การจัดการชุมชน,1,social_science
51,การจัดการด้านการผลิตและการดำเนินงาน,1,social_science
51,การจัดการป่าไม้่,1,social_science
51,การจัดการสิ่งเเวดล้อม,1,social_science
51,การจัดการและการบริหารเชิงกลยุทธ์,1,social_science
51,การบริหาร,1,social_science
51,การบริหารการขนส่งระหว่างประเทศ,1,social_science
51,การบริหารการศัึกษา,1,social_science
51,การบริหารการศึกษาและผู้นำการเปลี่ยนแปลง,1,social_science
51,การบริหารจัดการ,1,social_science
51,การบริหารธุรกิจและการจัดการ,1,social_science
51,การบริหารโรงพยาบาล,1,social_science
51,"บริหารธุรกิจ, การพยากรณ์เพื่อการตัดสินใจในทางธุรกิจ",1,social_science
51,บริหารธุรกิจระหว่างประเทศ โลจิสติกส์และการขนส่ง,1,social_science
51,บริหารธุรกิจและการจัดการ,1,social_science
51,บริหารธุรกิจและการจ้ดการ,1,social_science
51,บริหารอุตสหการและปฏิบัติการ,1,social_science
52,สรีรวิทยาประยุกต์ (สรีรวิทยา-พิษวิทยา),1,medicine
52,อายุรศาสตร์ (ประสาทวิทยา),1,medicine
52,อายุรศาสตร์ (โรคข้อ),1,medicine
52,อายุรศาสตร์ (โรคมะเร็ง),1,medicine
52,อายุรศาสตร์ (โรคหัวใจและหลอดเลือด),1,medicine
52,อายุรศาสตร์ (โรคเบาหวาน),1,medicine
52,อายุรศาสตร์ (โรคไต),1,medicine
52,อายุรศาสตร์โรคระบบทางเดินอาหาร,1,medicine
52,อายุรศาสตร์โรคไต,1,medicine
52,เวชศาสตร์ผู้สูงอายุ,1,medicine
52,โรคไตในเด็ก,1,medicine
53,Hydrogeology,1,natural_science
53,ตรรกวิทยา,1,natural_science
53,ธรณีวิทยาประยุกต์,1,natural_science
53,ธรณีศาสตร์,1,natural_science
53,ปรสิตวิทยาหนอนพยาธิ,1,natural_science
53,ประสาทสรีรวิทยา,1,natural_science
53,ระบาดวิทยาของโรคติดเชื้อ,1,natural_science
53,ระบาดวิทยาเเละการวิจัย,1,natural_science
53,สรัรวิทยา,1,natural_science
53,สรีรวิทยาระบบสืบพันธุ์,1,natural_science
53,สรีรวิทยาโรคพืช,1,natural_science
53,โบราณคดี,1,natural_science
53,โรคพืชวิทยา,1,natural_science
53,โลหะวิทยา,1,medicine
54,ภาควิชาการประถมศึกษา,1,liberal_arts
55,การพยาบาลชุมชน,1,medicine
55,การพยาบาลอนามัยชุมชน,1,medicine
55,การสาธารณสุข,1,medicine
55,ปรสิตสาธารณสุข,1,medicine
55,ประชากรเเละสุขภาพ,1,medicine
55,สังคมศาสตร์การแพทย์และสาธารณสุข,1,medicine
55,สาธารณสุข,1,medicine
55,สาธารณสุขชุมชน,1,medicine
55,อาชีวอนามัย,1,medicine
55,โภชนาการชุมชน,1,medicine
55,โภชนาการสาธารณสุข,1,medicine
56,ประวัติศาสตร์ (จีน อินโดนีเซีย และชาวจีนและชาวมุสลิมใปประเทศไทย),1,liberal_arts
56,ประวัติศาสตร์ (วัฒนธรรมชุมชน),1,liberal_arts
56,"ประวัติศาสตร์ (ไทยสมัยใหม่,เอเชียตำวันออก)",1,liberal_arts
56,ประวัติศาสตร์ และเลื่อนระดับ,1,liberal_arts
56,ประวัติศาสตร์ยุโรป,1,liberal_arts
56,ประวัติศาสตร์สถาปัตยกรรม (การอนุรักษ์โบราณสถาน),1,liberal_arts
56,ประวัติศาสตร์และปรัชญาการศึกษา,1,liberal_arts
57,การใช้คลื่นเสียงความถี่สูงทางสูติศาสตร์,1,medicine
57,ต่อมไร้ท่อและเมตะบอลิสม,1,medicine
57,อายุรศาสตร์ (โรคต่อมไร้ท่อและเมตาบอลิซึม),1,medicine
57,อายุรศาสตร์ต่อมไร้ท่อและเมตะบอลิสม,1,medicine
57,อายุรศาสตร์โรคข้อและรูมาติสซั่ม,1,medicine
57,โรคภูมิแพ้และอิมมูโนวิทยา,1,medicine
58,ชีวเคมีและชีวเคมีเทคโนโลยี,1,natural_science
58,ปิโตรเคมีและวัสดุพอลิเมอร์,1,natural_science
58,วิศวกรรมเคมีสิ่งทอ,1,engineering
58,สิ่งแวดล้อมทางเคมี,1,natural_science
58,เคมี (พอลิเมอร์),1,natural_science
58,เคมี (เคมีฟิสิกัล),1,natural_science
58,เคมี (เคมีอินทรีย์),1,natural_science
58,เคมี:พอลิเมอร์,1,natural_science
58,เคมีคอมพิวเตอร์,1,natural_science
58,เคมีสิ่งทอ,1,natural_science
58,เคมีอินทรีย์สังเคราะห์,1,natural_science
58,เคมีอุตสาหกรรม,1,natural_science
58,เคมีและอุตสาหกรรมและประยุกต์,1,natural_science
58,เทคโนโลยีทางกระบวนการเคมีและฟิสิกส์,1,natural_science
59,ชีวโมเลกุลและพันธุศาสตร์โรคเขตร้อน,1,medicine
59,สุขวิทยาเขตร้อน,1,medicine
59,อายุรศาสตร์เขตร้อนคลินิก,1,medicine
59,โภชนศาสตร์เขตร้อนและวิทยาศาสตร์,1,medicine
59,โรคติดเชื้อและอายุรศาสตร์เขตร้อน,1,medicine
